client_id,acct_id,product,opening_date,open_bal,close_date
d8334f42,3f7653c6,A,20130610,5.0,
365cf2a4,b4771dbf,A,20130726,5.0,
5e22a673,400e45eb,A,20130802,5.0,
7da2b1c7,4b100afa,A,20130802,5.0,
bc2eb9ef,acb8d4cb,A,20130816,5.0,
7a92b6ed,bd7792a7,A,,5.0,
091d5b2f,e582649b,A,20130729,5.0,
0e565670,733083bd,A,20130820,5.0,
d63d0cb0,e62fe94d,A,20130816,5.0,
01483812,9b698b14,A,20130820,5.0,
1a0a33da,21bc2b65,A,20130830,5.0,
f8660760,1d05b79f,A,20130731,5.0,
7afbc401,16ec6d57,A,20130502,5.0,
77049dfe,c7300063,A,20131017,5.0,
ab214487,e281ed96,A,20130729,5.0,
4ab8d76e,4063d198,A,20130807,5.0,
aa3bbc87,17ff5cea,A,20130816,5.0,
da4434b6,fdbf58b7,A,20130813,5.0,
37d42349,92e55cdf,A,20130725,5.0,
e4c815a7,c7f1347e,A,20130902,5.0,
2cb92776,1e175d13,A,20130805,5.0,
bc56c529,8d9ea7e4,A,20131016,5.0,
9afb6bae,adafeb54,A,20130807,5.0,
41cf0ef9,98378549,A,20130823,5.0,
d3fee973,1b734a8b,A,20130809,5.0,
3b3113db,7cec6a06,A,20131025,0.0,
57c345aa,37962af3,A,20131011,5.0,
7fe7ee9c,2aa24461,A,20131016,5.0,
1c0361c2,6267ac21,A,20130917,5.0,
50db0963,b9e9f633,A,20130820,5.0,
bc9021dd,376ec3d9,A,20130919,5.0,
dab203c9,272b0bf8,A,20130919,5.0,
945efad6,acaa1fcb,A,20131011,5.0,
a2c3a524,613df0e1,A,20131028,5.0,
e6c9c2a7,7bbcaf37,A,20131014,5.0,
8402fedf,4c0c520f,A,20130909,5.0,
8df699b7,b40d7e34,A,20130912,5.0,
3b56ed30,247b970c,A,20131014,5.0,
d37f4831,2e9ee115,A,20131008,5.0,
982f3d25,ea2dcc42,A,20131008,5.0,
95cb8fab,02e6f092,A,20130822,5.0,
45e940fa,efc5e2e3,A,20131028,5.0,
dda44357,64f6fbbc,A,20131023,5.0,
ab01561d,f586b03e,A,20130925,5.0,20131220
797ef5a9,0257d1f4,A,20130925,5.0,
7c3d67fe,b1a8a57a,A,20131007,5.0,
59e80609,d7c2eba9,A,20130916,5.0,
b2d1f067,0c7ca7cd,A,20131016,5.0,
a4589d1a,a9b0bd55,A,20131007,5.0,
63cd2e96,ce5f885f,A,20130913,5.0,
4ac33ada,57b83096,A,20130927,5.0,
e09d46e3,ac0c8016,A,20131010,5.0,
bf3d0a8f,dd97f18a,A,20131024,5.0,
85df9723,f516dafb,A,20130925,5.0,20131220
0029bb23,96124fd8,A,20130925,5.0,
9a939100,f5bdebed,A,20130916,5.0,
104cf245,c947357b,A,20130815,5.0,
2f6050f1,efe84c43,A,20131010,5.0,
304a5680,59a83cb6,A,20130925,5.0,
485d40e4,0ff6fa3f,A,20130906,5.0,
19105da5,8f6f2e6d,A,20131007,5.0,
ff3fecc2,8599390c,A,20131029,5.0,
8c22617d,20641159,A,20130909,5.0,
76c401ff,e896d407,A,20131107,5.0,
2009f88d,ea2375c0,A,20140121,5.0,
ef89a446,8748d503,A,20131220,5.0,
6ce6f97e,08fabaae,A,20140114,5.0,
81822cfe,51f64ce2,A,20130909,5.0,
54814dc4,b78add06,A,20131021,5.0,
6821f845,883ff95f,A,20131008,5.0,
c7b4f593,6a15135d,A,20140115,5.0,
4d745bac,c9f0b0b0,A,20131018,5.0,20141125
38450df8,54d2bbce,A,20131224,5.0,
6aba4ac3,e41cde1e,A,20140116,5.0,
8453b0d5,23a63294,A,20130930,5.0,
49ec0b53,f34619f1,A,20131021,5.0,
6df7e0ea,7fac9c4f,A,20131219,5.0,
1e7e5f31,004e8beb,A,20140123,5.0,
d2d9fb05,0fe28498,A,20140107,5.0,
3562c9cb,f6f18a1c,A,20130927,5.0,
7bcf7393,c37882f4,A,20131227,5.0,
7c186652,ac22657e,A,20131028,5.0,
a54e760e,605524a2,A,,0.0,
901c11b0,7de85338,A,20131127,5.0,
262c0e47,68a3a3fc,A,20131115,5.0,
64d1e704,c5ffc208,A,20131114,5.0,
882f9143,ead948e6,A,20131003,5.0,
00be0bd3,66f29df9,A,20140109,5.0,
41a1eb56,b7e0b0da,A,20131209,5.0,
feab4c02,d47cd4b7,A,20140121,5.0,
4373a342,115229f1,A,20131210,5.0,
923fc0c9,c4b07660,A,20140129,5.0,
cff71b13,e6eaec45,A,20140110,5.0,
565aac8e,c9a126bc,A,20131218,5.0,
f3af126e,b5b55248,A,20131211,5.0,
dd0b7ad6,7ad0f7ba,A,20131119,5.0,
b9279a16,126f4364,A,20140117,5.0,
c15edfb1,dba4a356,A,20131016,5.0,
6ca0b5bd,a7d91178,A,20130916,5.0,
166ab1c0,87367958,A,20140115,5.0,
ebd5eb6a,526592e0,A,20131216,5.0,
77f27b65,a294d6c4,A,20131008,5.0,
a03791b5,bfd571a7,A,20140108,5.0,
a51097aa,b4111440,A,20140121,5.0,
cfeffefd,75257215,A,20140206,5.0,
4c98575e,8f3916d8,A,20131209,5.0,
83978463,9170609d,A,20140114,5.0,
3e8d854c,cb885288,A,20131218,5.0,
57724953,f7cd40e9,A,20140117,5.0,
631f1c13,510568a9,A,20131118,5.0,
83efcb00,66dff592,A,20140114,5.0,
4992bd5d,f61e6c8c,A,,0.0,
a7963a8b,8bd3487f,A,20140116,5.0,
3bde8039,fe4b8784,A,20140116,5.0,
a4a5f56c,1320492d,A,20131219,5.0,
6daf9937,9a7a9905,A,20140119,5.0,20140929
eb0d2759,5abf2eab,A,20131112,5.0,
b7463bcb,6c17442b,A,20140113,5.0,
53ddefdc,8a73baf4,A,20131204,5.0,
d1b00d69,c3af26fe,A,20131128,5.0,
7ca80030,29d60e4d,A,20140108,5.0,
5b8a8bbb,f04e5d99,A,20131213,5.0,
7ba0184a,d23e2605,A,20140117,5.0,
0edd015a,aa5a6ce4,A,20140116,5.0,
4d231240,5730b681,A,20131212,5.0,
8a6ec81a,dd731130,A,20131212,5.0,
f4563f32,694157a8,A,20140218,5.0,
6fa99ab3,986161be,A,20140116,5.0,
1a3db43d,f3cf6470,A,20140109,5.0,
4f693865,895d14a5,A,20140124,5.0,
c2286fb5,18abc463,A,20140119,5.0,
fad8515b,f408e693,A,20131217,5.0,
7ad1b50f,056a11e1,A,20140121,5.0,
0f95422f,362d8572,A,20140120,5.0,
734c4cb7,4fd43659,A,20140113,5.0,
a6a37899,1d16784f,A,20131118,5.0,
0219935d,15d799ce,A,20131108,5.0,
8ac9f733,4880344d,A,20131202,5.0,
6cef2887,4ab61e07,A,20131127,5.0,
20bf0405,80c2bb28,A,20140109,5.0,
4405ccfc,6acc6b47,A,20140121,5.0,
075d1a61,409d0196,A,20131118,5.0,
0ad00deb,91e1bf5e,A,20140113,5.0,
0eab700a,c7a10a07,A,20131111,5.0,
160d0bb5,e1c71600,A,20140121,5.0,
3eedac6d,76b59c18,A,20140113,5.0,
0d00d8ea,1889c286,A,20131119,5.0,
d083de09,a903c9f6,A,20131210,5.0,
f1738ce8,33886f6b,A,20140124,5.0,
def9f6e0,2cfb36c7,A,20140203,5.0,
2e215ed9,ec5aa079,A,20131202,5.0,
0983a71e,fe99d918,A,20131220,5.0,
4c6173a1,8b363164,A,20140109,5.0,
2e2f615b,906534b5,A,20140128,5.0,
4927f631,8110256d,A,20131209,5.0,
bc251edc,a0b2e734,A,20140117,5.0,
0052c81e,4644a6a8,A,20131203,5.0,
eda14e19,2de37cc6,A,20131223,5.0,
17e8b4e9,d5be248d,A,20131108,5.0,
44a28f2a,5e875c01,A,20140127,5.0,
2e51eb57,8e1f0f30,A,20140120,5.0,
278408ef,fc38a4e7,A,20140120,5.0,
f1b6644e,3524c12d,A,20131203,5.0,
d8664965,c588e1af,A,20140121,5.0,
051f1481,dc8b1bea,A,20140203,5.0,
3d1500d6,28598fdc,A,20140121,5.0,
2d065252,efafc6ca,A,20131224,5.0,
51f10ece,ac50b52e,A,20131224,5.0,
3a1893e5,d74bbf27,A,20131126,5.0,
685cbe1e,b2fc17b3,A,20131204,5.0,
b09272ff,335ba241,A,20131104,5.0,
5f780cfa,4a4d3559,A,20131213,5.0,20140228
9bc2d386,dc7d9e72,A,20140101,5.0,
ea0d27f1,23ced3af,A,20140122,5.0,
cff9f438,9a44a508,A,20131212,5.0,
cd2bff70,a7d4f6ae,A,20140113,5.0,
c729106f,43c80c9c,A,20140121,5.0,
3e99ca2c,342b343c,A,20131129,5.0,
6c0f92d4,45719fff,A,20131029,5.0,
fafd6f52,286f8618,A,20131111,5.0,
bd885dce,3bc1d2a6,A,20131121,5.0,
fea25f5b,70a5adaa,A,20140203,5.0,
3c265482,a19ec8a8,A,20140515,5.0,
8de8b284,868e145a,A,20140207,5.0,
fde412b7,eef8ede6,A,20131211,5.0,
97f633b5,cbec5ae2,A,20140107,5.0,
ee1c5cae,9f39334f,A,20140401,5.0,
c3fadf62,2e2c2219,A,20140318,5.0,
820d9c76,680393bf,A,20131114,5.0,
48f4662f,95a8d4a2,A,20140403,5.0,
f682ed28,04bd41c5,A,,0.0,
6b5e0737,31a66314,A,20140407,5.0,
d62173d5,24065d10,A,20140314,5.0,
1cbcb0d3,ec59eef8,A,,0.0,
7136f080,6e3d6410,A,20131202,5.0,
bacb0c04,f9ee913a,A,20140321,5.0,
162b3902,9eb46ac3,A,20140113,5.0,
416af4ad,7e46fda7,A,20140326,5.0,
1d9ecd21,00419833,A,20140314,5.0,
c4c275d0,2ff7f3e6,A,20140325,5.0,
88e63ce8,4a0ab834,A,20140328,5.0,
99e01f76,895a829b,A,20140121,5.0,
c0ac5f68,2c89e7ff,A,20140328,5.0,
5359345a,4497ef90,A,20140327,5.0,
0bc896a7,a597ee3c,A,20140321,5.0,
96b8a8c1,5c41fcd8,A,20140313,5.0,
6a81a781,f28869fa,A,20140320,5.0,
7284e117,fc173d50,A,20140106,5.0,
99d41072,c3d0bf6f,A,20140326,5.0,
fefd9a4e,e714c080,A,20140402,5.0,
de012bc6,6e865fcf,A,20140414,0.0,
5f57fea6,85d98db9,A,20140404,5.0,
fdee381e,d39d0eb8,A,20140328,5.0,
ef26852c,c49f1569,A,20140320,5.0,
cd24dd08,b55c4d26,A,,0.0,
db508acb,7b6f2c76,A,20140318,5.0,
f974de8a,85a81d5b,A,20140228,5.0,
5c17d9a2,240a010c,A,20131127,5.0,
6fdb8548,8d79b488,A,20140314,5.0,
c4a1e6bd,2a875183,A,20140320,5.0,
bf227869,0fbe00ae,A,20140314,5.0,
a841cd55,7f354d7f,A,20140321,5.0,
eee2f1fc,5475b60e,A,20140318,5.0,
15938ce2,551967d4,A,20140320,5.0,
daa1d284,2054c55e,A,20140310,5.0,
cb9c4455,d9dfb883,A,20140325,5.0,
0b7b280a,84f3a3f3,A,20140402,5.0,
28f32cc0,5572f66c,A,20140304,5.0,
081b17d6,78053e91,A,20131113,5.0,
56becbf4,bf5ca1ad,A,20140318,5.0,
3db93935,9f8f4226,A,20140307,5.0,
faf395f1,0745cc70,A,20140225,5.0,
c55e4499,70dcdf37,A,20140303,5.0,
9d971a23,708652dc,A,20140321,5.0,
5d80b4c2,00aad7f8,A,,0.0,
edd222b2,94bd6438,A,20140310,5.0,20141208
d842303e,2b881e32,A,20140314,5.0,
eb4362af,bcaaeaf5,A,20140311,5.0,
96468cf7,c888f1a2,A,20140225,5.0,
925932f6,d2b69e11,A,20140220,5.0,
8949cc57,25e86ab6,A,20140328,5.0,
3350ee9b,a9a05776,A,20131230,5.0,
ad840494,a8060207,A,20140304,5.0,
1c2feea2,f1ce9c7b,A,20140227,5.0,
54a0c783,33b7e9ad,A,20140311,5.0,
61c22ab4,f9e4c45d,A,20140227,5.0,
dffd70c3,ddd35973,A,20140224,0.0,
fcdcf537,677af39b,A,,0.0,
79c404c0,bbeeda21,A,20140220,5.0,
090ddda5,b2fb7aae,A,20140304,5.0,
6fb4cb06,d88b12c8,A,20140311,5.0,
a32a507b,15c060b1,A,20140226,0.0,
7809fe36,ca5542d2,A,20140310,5.0,
643944f8,5686fcc2,A,20140220,5.0,
a1a227c0,27eaef15,A,20140310,10.0,
9a1abdb8,1da6bd78,A,20140225,5.0,
3e032b2f,c35e8e9f,A,20140305,5.0,
dbd0697b,8b65d2b4,A,20140311,5.0,
83304cd5,cae3d79f,A,20140226,5.0,
deabf436,fe87e389,A,20140313,5.0,
4c183999,91fcef48,A,20140304,5.0,
395bc284,f5352f36,A,20140310,5.0,
cd4a137a,8559bb01,A,20140311,5.0,
3f8bded6,361337cf,A,20140513,5.0,
3849ba1f,9fad5625,A,20140228,5.0,
816b3796,32e1aaac,A,20140403,5.0,
b3113c4b,7a0ea23b,A,20140305,5.0,
4aa8f6fc,d5d9e5ee,A,20140304,5.0,
a55d4434,1ddd8bc1,A,20140429,5.0,
e0401e91,c16645f5,A,20140225,5.0,
47f71b6d,1539d661,A,20140422,5.0,
3b4f2449,903b04d0,A,20140303,5.0,
da77192f,12c5c64f,A,20140702,5.0,
bcfb36f2,f75ed4c7,A,20140414,5.0,
bc9df885,2f7de7df,A,20140522,5.0,
68fdd867,78f160a6,A,20140311,5.0,
5df336e9,d3a0f622,A,20140429,5.0,
3f850557,efa43020,A,20140225,5.0,
ccb8cff2,dc9b1dba,A,20140424,5.0,
d6839656,e527061e,A,20140411,5.0,
8e4a3814,4d49b7b0,A,20140422,5.0,
417aafad,fd6e22c9,A,20140412,5.0,
6071d208,a760a107,A,20140331,5.0,
c9f309d6,b9424e15,A,20140303,5.0,
178a3b71,0a1be23f,A,20140519,5.0,
540e5141,f8c93876,A,20140502,5.0,
222d0d97,a16815d0,A,20140718,5.0,
7897c225,0048fcaf,A,20140616,5.0,
18e66edd,5aafa9de,A,20140812,5.0,
c6fe4249,d3e9b9c3,A,20140311,5.0,
0e5fb514,fdcd0afe,A,20140304,5.0,
a4093ed0,781d6aa7,A,20140403,5.0,
106b659d,f3ca53e3,A,20140808,5.0,
1fd35abd,fe425be2,A,20140515,5.0,
d2ad487a,51c3baed,A,20140516,5.0,
c260654c,d4029d83,A,20140514,5.0,
72d771e1,85734995,A,20140506,5.0,
74b51d45,f0bd320e,A,20140718,5.0,
99643683,bb65ffed,A,20140311,5.0,
f97b28ab,08e0e0e4,A,20140630,0.0,
6fb8ebb6,58c71920,A,20140508,5.0,
b3b442f5,70707f60,A,20140617,5.0,
30b16ea0,31225f1f,A,20140904,5.0,
022e7480,28df2ab4,A,20140616,5.0,
ab92a9e7,ef5cae05,A,20140515,5.0,
8349f5fc,ef619c34,A,20140507,5.0,
38242105,a59f5b79,A,20140422,5.0,
3ff8ea6d,7793bc35,A,20140812,5.0,
90e75b27,0a361584,A,20140407,5.0,
cf32b922,bd752750,A,20140508,5.0,
c2f9dfdc,261127a0,A,20140514,5.0,
7cec1f94,216302fb,A,20140425,5.0,
b654192d,1f9a7bf7,A,20140516,5.0,
23dea0ba,5e85399d,A,20140612,5.0,
41453337,db2c7cc8,A,20140527,5.0,
e5e1cfca,cfcd5071,A,20140522,5.0,
8f8645c0,dc1d5a39,A,20140521,5.0,
50a6cd68,029c96e9,A,20140416,0.0,
4e9269b6,db196848,A,20140523,5.0,
166ac00b,dcabf75e,A,20140515,5.0,
b9a2cb76,6273c486,A,20140425,5.0,
5c528468,edfd8418,A,20140620,5.0,
3a26a6d9,6b204958,A,20140425,5.0,
a996204e,d978e0ad,A,20140411,5.0,
29500abe,6fb19fa7,A,20140610,5.0,
2628ab58,397b34c9,A,20140524,5.0,
a5409043,96f2a6e8,A,20140424,5.0,
d92817b2,74226787,A,20140603,5.0,
ffcdd091,08058943,A,20140610,5.0,
59f4ca51,638bb6aa,A,20140611,5.0,
eb976eb0,be311de9,A,20140521,5.0,
e84aa985,d3d9ff50,A,20140812,0.0,
6d6c5244,7197a484,A,20140424,5.0,
122be0e4,91ea649d,A,20140515,5.0,
1705f6ef,80389b8c,A,20140618,5.0,
59496603,dc13da91,A,20140513,0.0,
a74e8e72,0996497f,A,20140625,5.0,
43264992,6b9c1abd,A,20140407,5.0,
11c7b7a9,8655554b,A,20140423,5.0,
827cd277,041f40f8,A,20140617,5.0,
2adb51e0,7a081190,A,20140408,5.0,
6ad48745,2410ecf9,A,20140620,5.0,
e6bf547c,2601906a,A,20140415,5.0,
813d3416,c833652c,A,20140513,5.0,
615cd4f2,b9c10514,A,20140709,5.0,
3d4adc5e,d4325575,A,20140623,5.0,
3498c001,1c2b4bef,A,20140414,5.0,
a3442aaf,f9db3641,A,20140415,5.0,
dc99a35e,d080e0ff,A,20140423,5.0,
f4afceb9,52b9fd27,A,20140416,5.0,
2577485c,3a964bb4,A,20140508,5.0,
393f01d7,c72b652f,A,20140408,5.0,
29a16377,6b3f8d70,A,20140428,5.0,
3d418f1d,42b3603e,A,20140417,5.0,
0c5ca544,23433033,A,20140703,5.0,
608185d7,59f8664e,A,20140417,5.0,
8e21c3b3,45686142,A,20140417,5.0,
2fc5a949,19886922,A,20140423,5.0,
fe0120e1,4ebfd386,A,20140609,5.0,
8f3dfc6c,88c3e572,A,20140530,5.0,
7707a406,a0d51991,A,20140409,5.0,
10da8ae8,07ee56e4,A,20140522,5.0,
7f067ebe,af67426e,A,20140521,5.0,
f8067732,61812a49,A,20140516,5.0,
20193766,d51d85f7,A,20140428,5.0,
c9e9ecc4,8f7736ef,A,20140327,5.0,
af5dd646,98cca35f,A,20140508,5.0,
e329e3bc,5a02f2e7,A,20140417,5.0,
dd3889f3,9a904598,A,20140403,5.0,
cef9d372,4c1f7b05,A,20140401,5.0,
686338de,4e25b678,A,20140414,5.0,
b80386b2,19233a69,A,20140326,5.0,
b62d692e,fb4b27a6,A,20140415,5.0,
0f750ac2,b39bd81a,A,20140508,5.0,
4f063620,c8ca5e5d,A,20140414,5.0,
9814b6b0,9d87cb5b,A,20140411,5.0,
510d77b2,8638871c,A,20140605,5.0,
6f742fc1,e14e5769,A,20140515,5.0,
c4734876,f8e8518e,A,20140610,5.0,
8fd11a27,64166614,A,20140516,5.0,
a8ec30ee,07f205ba,A,20140619,0.0,
9f811879,85b3cd56,A,20140606,5.0,
021c2539,92cee30f,A,20140502,5.0,
641fe713,782adcea,A,20140411,5.0,
0ef8f146,9987f629,A,20140609,5.0,
8246ff37,93d3c2f2,A,20140415,5.0,
d46ff2bf,98a1c6a0,A,20140509,5.0,
db377d20,fde9ac1c,A,20140425,5.0,
a0f24cf9,c5b9ba2a,A,20140611,5.0,
eaf8b76a,325fbb34,A,20140509,5.0,
a12650c9,8fa1a485,A,20140529,5.0,
95a65a72,55700dab,A,20140609,5.0,
9574573f,11f848b0,A,20140605,5.0,
ed00892d,2289698a,A,20140520,5.0,
3e40e2ca,7dd03ade,A,20140508,5.0,
7b1d86d6,ba653a84,A,20140507,5.0,
5990db49,d7fecf48,A,20140506,5.0,
8c7fa847,0fcee8df,A,20140514,5.0,
c75ba436,754fd568,A,20140711,5.0,
2ae8677a,bfa226ca,A,20140715,5.0,
d6983546,a507998b,A,20140610,5.0,
b0af0e2d,93e525c9,A,20140408,5.0,
221b6d67,4e64395c,A,20140424,5.0,
b72ed8a0,c0466217,A,20140508,5.0,
bfd5732c,75c2e86e,A,20140430,5.0,
c0df417c,2f20737a,A,20140611,5.0,
ce39caf3,451fe306,A,20140408,5.0,
e873e6e4,726551eb,A,20140416,5.0,
e6ddc005,d45e1161,A,20140510,5.0,
b41d1170,dc69021c,A,,0.0,
b2c6f6e6,48180ff2,A,20140904,5.0,
3fcf0670,f2aeb3c1,A,20140616,5.0,
25d600a1,b364832f,A,20140714,5.0,
e384f765,1e2ef005,A,20140619,5.0,
bd9e9d9e,b82037aa,A,20140623,5.0,
474390ce,8240dcfe,A,20140704,5.0,
4e303951,9ada4831,A,20140829,5.0,
562442e6,d059ee48,A,20140609,5.0,
3aa17ea1,c3dfcf31,A,20140910,5.0,
da72bf21,547dd186,A,20140411,5.0,
17f3a6bb,73efdb23,A,20140909,5.0,
ad5c5382,6e8bae99,A,20140623,5.0,
d821cb85,029f9faa,A,20140619,5.0,
67b2d34d,f55e16c7,A,20140808,5.0,
dd44a5da,4fc1fdfd,A,20140620,5.0,
df70dc6c,490efe28,A,20140812,5.0,
658424d9,a1525f0a,A,20140703,5.0,
58b5ee54,93a400e2,A,20140730,5.0,
08f26e35,2a8a31f5,A,20140804,5.0,
d2896e94,9139d6d7,A,,0.0,
0a003e07,7aa1cd14,A,20141105,5.0,
a0269c11,a86f002e,A,20140611,5.0,
35590e60,89c12b0c,A,20140910,5.0,
92de570c,0a40d5c9,A,20140711,5.0,
86575afb,53ae01f8,A,20141008,5.0,
ac8579bf,8f17b3f1,A,20140815,5.0,20141017
79929326,59a2733e,A,20140624,5.0,
7fdbdc0a,e5ff134a,A,20140822,5.0,
1e10fb51,d8280d64,A,20140722,5.0,
80668d67,2bb73b66,A,20140915,5.0,
f5497019,215b1442,A,20140914,5.0,
54996787,698a6a06,A,20140827,5.0,
4b11ca4b,4f075de2,A,20140805,5.0,
33105e2c,199ba005,A,20140624,5.0,
c2eddb20,ef0859b4,A,,0.0,
229796ed,7e90a3e1,A,20140718,5.0,
3d06f7a9,0bab7bee,A,20140704,5.0,
39d65419,95316232,A,20140820,5.0,
2205e8b9,18c02587,A,20140801,5.0,
528c40fb,93e1b7d3,A,,0.0,
e1e2d778,cf7efac2,A,20140908,5.0,
d5223218,17015e71,A,20140919,5.0,
0d9d166c,f0b09441,A,20140718,5.0,
af6ebf13,14656b95,A,20140715,5.0,
9ec618b4,f9e46e32,A,20140825,0.0,
7dd7a2b9,c26cc8f6,A,20140805,5.0,
65b9f21c,ae07169b,A,20140804,5.0,
474487d7,f0ce5312,A,20140901,0.0,
4756b620,5d5d66e1,A,20140703,5.0,
fbf8a9ef,bef58ea0,A,20140703,5.0,
e766420d,476617a9,A,20140714,5.0,
02092da1,3b2f69e2,A,20140910,5.0,
f97e68b7,851f8a65,A,20140902,5.0,
ec8a3af4,1056d429,A,20140723,5.0,
46d31adc,05d3630c,A,20140806,5.0,
e2ce1979,f4f9aac9,A,20140815,5.0,
0e5ff5f0,cdd267b0,A,,0.0,
0fd2a46b,4abc99c1,A,,0.0,
5c0b2610,a6b93781,A,20140718,5.0,
1d3253a6,b271175b,A,20140918,5.0,
e81b958e,6414c424,A,20140806,5.0,
5121fa99,84bfc564,A,20140711,5.0,
11cd7348,fade1906,A,20140902,5.0,
26d657c3,4234500f,A,20150227,0.0,
7d7a930b,19a119f0,A,,0.0,
e3608a6d,426a0b14,A,20140917,5.0,
fa35ae3c,1069f101,A,20140827,5.0,
ba5c0f20,1d984e86,A,20140903,5.0,
48bd2927,a66148e3,A,20141126,5.0,
4358b7f6,80b3be7d,A,20140919,5.0,
0b0ba2d6,54e3efbc,A,20140821,5.0,
eea59f4a,5ea62968,A,20140812,5.0,
f94cef99,f9f5d208,A,20140814,5.0,
daf40d15,02cbb9c6,A,20141121,5.0,
4c246001,c78238f0,A,20141126,10.0,
85486996,be4f64a7,A,20140910,5.0,
0e726e9e,a9da57f0,A,20140902,5.0,
ead92919,09622516,A,20141031,5.0,
6732f391,91535637,A,20140819,5.0,
9db80219,a44eea31,A,20140828,5.0,
56d39259,528b19ab,A,,0.0,
28a18d75,5e0eca9d,A,20140911,5.0,
82a9870b,b98db280,A,20140912,5.0,
e836ee91,81f27ca0,A,20150120,5.0,
c5726436,19acfa71,A,20140912,5.0,
1d77d332,5d23f0d8,A,20150223,0.0,
caec240b,20f50d33,A,20140808,5.0,
4aa62657,2e3cc7c5,A,20150312,0.0,
b42c9003,e11a2834,A,20150210,0.0,
6cd3f2e9,33f7d8b8,A,20140729,5.0,
5a94a526,2ad8f5ed,A,,0.0,
f0ec942e,f4c9604b,A,20140811,5.0,
c1c5b4c0,3085785b,A,20141016,5.0,
742de1dc,62893790,A,20140811,5.0,
d81d371f,da158495,A,20141112,5.0,
b3a66cb7,21786368,A,,0.0,
7b625099,cee947f7,A,20141022,5.0,
9617adf7,35859240,A,20140816,5.0,
71e3253b,a65e1f70,A,20141020,5.0,
377e46aa,6326a88c,A,20141009,5.0,
98843c3e,28a1a00e,A,20140811,5.0,
8af51dd8,508d6877,A,20140707,5.0,
f8c769c5,e58617c6,A,20140814,5.0,
b79ad8a1,0fa51c4e,A,20140910,5.0,
aa3f07aa,b549a97e,A,20140813,5.0,
57a111dd,0078272b,A,20150402,0.0,
69fee54d,46dd04d3,A,20140709,5.0,
f3447dba,ab4ddc2b,A,20140811,5.0,
d0ad685c,67b62067,A,20140729,5.0,
d957a819,d825d7e4,A,20140805,5.0,
fc17bb85,ce23f30d,A,20140814,5.0,
4b8579fe,839e598f,A,20140725,5.0,
a0427272,9af2df34,A,20140817,5.0,
d951003e,7d871992,A,20140720,5.0,
dc52fe7d,112ae330,A,20140726,5.0,
f72d152e,0bdfca94,A,20150311,10.0,
0e80740b,1ed9a7ff,A,20140901,5.0,
df7f4f5a,03592ce5,A,20140723,5.0,
cde4efa8,672d1342,A,20140729,5.0,
b53eeb1e,3d97a294,A,20140722,5.0,
c828ac48,e0ad7073,A,20140815,5.0,
f13a321d,0a18c05f,A,20150427,0.0,
b6c0c77e,e3f72c7a,A,20140808,5.0,
a5f46fbc,c2b133b6,A,20150224,0.0,
1f6e6960,ebac6d47,A,20150416,0.0,
65e8347f,f31306cd,A,20150430,10.0,
687469cd,dd7cfae5,A,20141028,5.0,
21d711b3,cc6b68c5,A,20141023,5.0,
1453782f,b907e444,A,20150526,0.0,
5fddd96a,cb9daf70,A,20141121,5.0,
344715ba,9a4ab9ab,A,20140718,5.0,
294fcea6,c401faeb,A,20140805,5.0,
0f5d932d,908f6d5f,A,20150513,0.0,
94371c18,8555c6e1,A,20140822,0.0,
6e05bf03,85bd80b8,A,20150318,0.0,
a9790b7e,d25e5969,A,20140902,5.0,
d0c7c145,753c6e3c,A,20150401,0.0,
931735e4,151d94ee,A,20140815,5.0,
bb1bf4c3,a1a971b5,A,20140722,5.0,
de57a1ed,6602d5ec,A,20140811,5.0,
36a3544a,5ef5779e,A,20150320,0.0,
f1d1fd67,2fea9d2d,A,20150416,0.0,
bd2752c0,88e25352,A,20150331,0.0,
90a3a7f0,34e1472b,A,20140711,5.0,
565ef6b6,eaa53393,A,20150323,0.0,
c0c0ad6a,a2175c3e,A,20150603,0.0,
b44b1147,b4f10669,A,20150415,0.0,
f0ed0415,567b02f5,A,20150420,0.0,
617c523f,a0f8aa32,A,20150402,0.0,
09304e9f,e4d274ef,A,20150605,10.0,
5b95b1a6,6797d3c9,A,20150415,0.0,
3b3b61d7,f0dae8bb,A,20150414,0.0,
6c808460,9a4992a8,A,20150430,0.0,
33c114ba,d32372c6,A,20150602,0.0,
dd39930c,0619fad5,A,20150414,0.0,
7cf2548a,01263d4f,A,20150513,0.0,
9e371ecd,ff37cba8,A,20150410,0.0,
4e91d9af,07fb2f66,A,20150313,0.0,
95e9def6,2ca119e2,A,20150223,10.0,
3b6f8bc5,3488add1,A,20150302,0.0,
e2f8d9e7,2c2395b4,A,20150429,0.0,
5a274fc8,7ed4fafb,A,20150413,0.0,
a55e1cd9,d5e366a7,A,20150513,0.0,
2c4d3ab8,458256af,A,20150324,0.0,
9ce9b9e4,80e36dd3,A,20150313,0.0,
845e17ec,e9bfbc3f,A,20150211,10.0,
fefdca3d,f26b4917,A,20150428,10.0,
31bbccf8,3524db6d,A,20150318,0.0,
243d7cd7,69aa6633,A,20150213,0.0,
4ebd5d1c,2501807e,A,20150415,0.0,
536b0505,897c09c0,A,20150426,10.0,
5ab98b6c,d39325b2,A,20150329,0.0,
a050180b,cab43c22,A,20150617,10.0,
de1d2b11,8e15503b,A,20150307,0.0,
862e0a4b,6b3f958e,A,20150324,0.0,
66e7c4a0,8ea6d35d,A,20150519,0.0,
be58e0f7,34efdc47,A,20150529,0.0,
e0c3786d,288a5356,A,20150331,0.0,
81fd46fc,ec29fc3a,A,20150331,0.0,
8366c579,b565a460,A,20150227,0.0,
4df60ad6,39c1be8b,A,20150313,0.0,
c45fa7c0,3b3c1d10,A,20150805,10.0,
6c1185c3,90988f55,A,20150327,0.0,
5c299d8c,a6f2e22e,A,20150227,0.0,
b23f26fa,a009068d,A,20150316,10.0,
22f57e1e,edbf2650,A,20150401,0.0,
bfe4f05f,1b5d0186,A,20150227,0.0,
bc8240ad,a8ece548,A,20150206,0.0,
c6ee68b4,da43229d,A,20150327,0.0,
5f6e5bd0,18836354,A,20150513,0.0,
6e29df29,fbfc0c92,A,20150304,0.0,
0b420bbb,7723feec,A,20150305,0.0,
28de1862,95a4318a,A,20150416,10.0,
48acf0fb,eba2a3f3,A,20150327,0.0,
62a3e15f,cbf8e2e2,A,20150328,0.0,
3503674f,ed387885,A,20150327,0.0,
8683522a,4439f50a,A,,0.0,
b81dc145,18320ffa,A,20150310,0.0,
682c0017,aa91bab5,A,20150601,10.0,
9e1f5033,73683392,A,20150220,10.0,
d3db35b8,60579e90,A,20150317,0.0,
4c40dcdb,f2878d70,A,20150325,0.0,
a20646f5,af40a2ef,A,20150414,0.0,
d22e9505,6475aa84,A,20150402,0.0,
836090af,c865f190,A,20150210,0.0,
818560bb,903de4dc,A,20150604,10.0,
744779c0,a51f97fc,A,20150305,0.0,
8513789c,d12e247d,A,20150224,0.0,
ad116505,ad13be47,A,20150414,0.0,
ca9ae6db,658e8b87,A,20150409,0.0,
77650136,1bf70d2c,A,20150420,0.0,
f2ef804c,8f14b065,A,20150304,0.0,
108e17c6,988bd0c4,A,20150319,0.0,
f1dfced9,88c759d7,A,20150220,0.0,
2f29b256,c14f27d4,A,20150328,0.0,
8b628b64,5b9dd7cc,A,20150323,0.0,
b2ae1f02,20c5eacc,A,20150318,0.0,
51060c7e,f3169e16,A,,0.0,
b4108286,a8ea5a08,A,20150331,10.0,
58968f68,1aa59a0e,A,20150227,0.0,
aca7c134,10afa8dc,A,20150327,0.0,
2f947eb6,36428b6d,A,20150331,0.0,
3cf4bd27,a4d84a39,A,20150417,0.0,
93eed5dd,12bd8dbf,A,20150309,0.0,
35bd0352,4de9c5d5,A,20150319,0.0,
462c1810,3d0b9998,A,20150227,0.0,
43a3b823,561d38ec,A,20150618,0.0,
b16caccb,865e12ef,A,20150226,0.0,
bb44f36a,cccfad66,A,20150218,0.0,
ee3bc924,f2e0cf88,A,20150408,0.0,
334b74c0,7f90583e,A,20150415,0.0,
793cf356,4e73632b,A,,0.0,
16fddf26,d6abb9b0,A,20150224,0.0,
dab30f77,cd9ab941,A,20150805,10.0,
87ca3f96,f60aab9d,A,20150410,10.0,
1dddc9b7,c9be8fdd,A,20150930,10.0,
5d59af40,8fe245df,A,,0.0,
8caa6822,8ef7a092,A,20150413,10.0,
9aba67b6,107a3df5,A,20151001,0.0,
379f142a,f4fd20bd,A,20150611,10.0,
37d42b96,6e09ff6e,A,20150522,0.0,
66decbc3,a66c2dbe,A,20150706,10.0,
c2caeae0,2a1ad7d2,A,20151007,10.0,
1cfb3a87,e6c60596,A,20150629,10.0,
b81ab6de,5bc55395,A,20150630,10.0,
970a1d0a,8533056a,A,20150623,10.0,
639007eb,c7efe638,A,20150323,0.0,
7d195f09,b7fbd6a3,A,20150617,10.0,
9457633b,0fae9056,A,20150401,0.0,
5821cfda,d44a80ed,A,20150610,10.0,
ae08cef8,bcc9eb55,A,20150310,0.0,
93f838e6,6c14483d,A,20150415,0.0,
ba079bd9,d2c2f93d,A,20150616,10.0,
b072ebc7,7bd144bc,A,20151015,10.0,
8f1d6dd0,03b10424,A,20150416,0.0,
7b30aa1f,8eda54a2,A,20150710,10.0,
942f7a7e,60033c95,A,20150715,10.0,
8dad4430,c11b722e,A,20150811,10.0,
dfeaa0fd,f2d6dd2f,A,20151215,10.0,
66d4ebbc,00297e9d,A,20150622,10.0,
5fe0df63,87f375df,A,20150410,0.0,
de6907b7,4214857c,A,20150630,10.0,
8ee3be32,a903317f,A,20150415,0.0,
50c426ce,aa9bc475,A,,0.0,
62faaa34,959a3eaf,A,20150709,10.0,
3555ce1c,0ff85753,A,20150711,10.0,
f8a45099,cc4178e6,A,20150705,10.0,
9a3c9eba,2571abb6,A,20150817,10.0,
4ed4b3cc,6f6172f4,A,20150714,10.0,
8d4d060a,aec89c6f,A,20150504,10.0,
1f71bc4a,7f6de48e,A,20150615,10.0,
5d57adf0,35fe4447,A,20150715,10.0,
c4f5bf84,6b30fffa,A,20150708,10.0,
3d9078d5,425755e5,A,20150506,0.0,
75b7de2d,15aa8dd2,A,20150508,0.0,
42b7481d,4a9afb07,A,,0.0,
aebc6d15,136b5d54,A,20150428,10.0,
5b9aa15a,b7a3fdb0,A,20160212,10.0,
7c9e5780,3efd4af0,A,20150514,0.0,
42daf990,5419d6c9,A,20150513,0.0,
dd3e0113,93d0b0cd,A,20150512,0.0,
f198b552,a6de4c2b,A,20150708,10.0,
0b04bdee,0bc21e33,A,20150618,10.0,
b66aedf0,e76b1c4f,A,20150508,0.0,
548cd1bf,eaad5028,A,20150507,0.0,
40d54e42,fae973fb,A,20150527,0.0,
4b3d71af,13c70dc2,A,20160214,10.0,
a3caf78c,59d7b1dd,A,20151001,10.0,
22b4b613,219c3ce2,A,20150505,0.0,
f006aef4,6df64cc0,A,20150529,0.0,
153cda12,a2c96488,A,20150513,0.0,
58e97da6,a2bab0fb,A,20150623,10.0,
20067f5a,a28649bf,A,20150512,0.0,
cac1b898,6780e9ce,A,20151027,10.0,
ad29e52b,222657a8,A,,0.0,
fc14e201,fd5098c4,A,20150512,0.0,
3c0f91d4,da821414,A,20150723,0.0,
3dbed8f7,d9495444,A,20150518,0.0,
b85397c8,86aa20e0,A,20150514,0.0,
2c41f495,fbce1de3,A,20150704,10.0,
117d21b6,84175d4c,A,20150608,10.0,
df4c82dd,13278270,A,20150508,0.0,
dd3989ea,d38843e4,A,20150529,0.0,
ec6ed6c5,9735de5f,A,20150616,10.0,
27e450b9,dc57b7b5,A,20150506,10.0,
6872d2fa,ca6e5b20,A,20150605,10.0,
6f830b82,25e6f3e2,A,20150609,10.0,
f131e647,cfbecf9a,A,20150520,10.0,
86c69a84,90da0e34,A,,0.0,
8362a0ff,6cf9e8b8,A,20150519,10.0,
ecb35951,09d3016c,A,20160216,10.0,
3c4aa4f4,bb1f25c9,A,20151026,10.0,
e8376c71,6ea59da5,A,20150528,0.0,
c3268f01,520a0852,A,20151022,10.0,
ec8542c7,5a72a093,A,20151027,10.0,
01483812,5f8ea78a,B,20130904,10.0,
365cf2a4,8ed1a21e,B,20130726,10.0,
d29132f3,a721ae9f,A,20150622,10.0,
007071f7,14857966,A,20150622,10.0,
cebdd906,4d10681e,B,20130731,5.0,
98af3be0,8c728acf,A,20150601,0.0,
4ebce71f,6c9204ca,B,20130813,5.0,
155f7af8,3cbca000,B,20130508,5.0,
5ed2c9ec,7d69fa6a,A,20150708,10.0,
7452648c,67d9a87f,A,20150612,10.0,
0b3fa11a,16b132e8,B,20130806,5.0,
76687ff0,8aabfdac,B,20130521,5.0,
39c9b889,679499b2,B,20130726,5.0,
0dc67b8a,3381d36e,A,20150821,10.0,
9c04611b,81dfadc8,B,20130726,5.0,
729b8d8c,16d561bb,A,20150514,0.0,
4e9cfe23,a1c54916,B,20130809,5.0,
e9e990dd,d96a3a0b,B,20130801,5.0,
584c732a,22f1e87d,B,20130509,5.0,
e316dd9c,64b5d16f,B,20130802,5.0,
aa41c270,7e817652,A,20150518,0.0,
04626854,bd7a25b8,B,20130729,5.0,
031c91d7,0f91c098,B,20130730,5.0,
a0343dbd,1524ac07,B,20130801,5.0,
4a2efa12,3116fabc,B,20130730,5.0,
907ec432,01853b3e,B,20130801,5.0,
17909cfe,2604f4c8,A,20150513,0.0,
9f260fdd,05c73f25,B,20130815,5.0,
9e96f28d,e132e4e2,A,20151020,10.0,
572422c2,1b1918b3,B,20130919,5.0,
150e9633,f872d2aa,B,20130910,5.0,
1077412e,a856f798,A,20150522,10.0,
dc09dbd6,8ef59c6c,B,20130730,5.0,
fba00187,96198e69,B,20130916,5.0,
fb405d83,ca5068e0,B,20130903,5.0,
b6b9dbe0,d74f8c71,B,20131107,5.0,
102270ef,6ddf3449,B,20131023,5.0,
cfafc00f,879ea09c,B,20130731,5.0,
ba059ca1,8ef278cb,B,20130812,5.0,
17ff2613,c991f5a7,B,20130925,5.0,
e1f149a0,3cb6381f,B,20130909,5.0,
c00b3146,b1fd544c,B,20131001,5.0,
9cbed873,ae986a6a,B,20131011,5.0,
ef8063d8,ac63b357,B,20130909,5.0,
f3710c8a,136bf509,B,20131023,5.0,
98cef5bf,d1a4166e,B,20130917,5.0,
fe902037,1161282b,B,20130815,5.0,
bbc28020,a46f514c,B,20130904,5.0,
794da28f,1f9b5e09,B,20130920,5.0,
61718fb8,3c29add4,B,20130904,5.0,
f82af1d7,9d5899a0,B,20131108,5.0,
ba48ae99,908c4cfb,B,20130920,5.0,
88ba4b20,2a8c98d2,B,20131017,5.0,
51919eb7,3e5b6835,B,20130905,5.0,
2b6aa95e,167f090b,B,20131021,0.0,
b83ccb98,5eb319be,B,20130920,5.0,
f70983cc,3fd00502,B,20131001,5.0,
01faa2e8,e731192d,B,20131001,5.0,
862991bf,ee16a7cd,B,20131001,5.0,
8b056b1a,db30037d,B,20130912,5.0,
5eea5c54,703062b7,B,20130925,5.0,
ae1d11f6,7a248669,B,20131001,5.0,
67710c43,085e094e,B,20130911,5.0,
20e71919,19a7d702,B,20131014,5.0,
dbe83a72,dcb8a878,B,20130927,5.0,
1e4ff1ae,86f3135d,B,20130927,5.0,
43f61d4a,683f479a,B,20130917,5.0,
f8ad45c1,01fdbaf2,B,20131014,5.0,
a4131bf9,6d6c8711,B,20130913,5.0,
0e0284d8,b7c71043,B,20130916,5.0,
9d7a4406,4d27cdcb,B,20130913,5.0,
c4db139d,c0f718c1,B,20130909,5.0,
3589e50a,c9609f8e,B,20130919,5.0,
37939280,86b889a8,B,20130930,5.0,
b23207eb,f34abe85,B,20130913,0.0,
cf0ce18d,bf409b27,B,20130911,5.0,
04ec544e,38f16b07,B,20140109,5.0,
6ac23c1e,8dc8399c,B,20130930,5.0,
4c39f419,52850b39,B,20130917,5.0,
8d1522c2,93629e2a,B,20131126,5.0,
6c17af92,20667d6c,B,20131003,5.0,
4298daac,b41305da,B,20131203,5.0,
cb80b2fe,954a034b,B,20131101,5.0,
59f9b2c3,1a3c0526,B,20130912,5.0,
3c98a896,3ad5de3b,B,20130927,5.0,
144870ab,350bf162,B,20130917,5.0,
7ed78e66,2d3d08fe,B,20131126,5.0,
bb77bc1c,6e1a6cce,B,20130913,5.0,
0e7e836b,e3dd02ce,B,20131125,5.0,
7e38d726,89c5af6f,B,20131210,5.0,
7668abc9,40cdfa17,B,20131127,5.0,
87130a5a,de06f2ca,B,20140114,5.0,
ff04fca6,acc4d4df,B,20131008,5.0,
f68b3990,769cdeb6,B,20140110,5.0,
4b70f89d,9a1e96fa,B,20140109,5.0,
08637aa8,d27f567e,B,20131114,5.0,
2dd45fda,400e9066,B,20131108,5.0,
a8fc42a6,b10cf098,B,20131128,0.0,
52d617f6,9de56113,B,20140123,5.0,
b87d4d46,d7b22e64,B,20140107,5.0,
41dba6fb,506084cc,B,20131211,5.0,
a73ad383,6aaa3a23,B,20131001,5.0,
7441ec5f,1b5cafc8,B,20140108,5.0,
ae0e510a,5d6525cf,B,20131213,5.0,
174ba032,07c202ef,B,20131120,5.0,
b29bfe50,790fae3a,B,20140117,5.0,
08c10235,8f549c7d,B,20131112,5.0,
fd78b805,85782013,B,20140107,5.0,
378bd100,24a64234,B,20140106,5.0,
e5881499,df032a75,B,20131126,5.0,
e1aadd35,850eead6,B,20131122,5.0,
fdfd2dd0,db79b793,B,20131219,5.0,
224644cc,ca6f0423,B,20131209,5.0,
85cc98c6,b771f6d1,B,20131230,5.0,
73cc37a0,7dabcf97,B,20131220,5.0,
0ea1acbc,aa3261fd,B,20131119,5.0,
370fc1cc,c030fa5d,B,20140116,5.0,
5c8f97d1,37822625,B,20140115,5.0,
3e6c9dec,9ab30567,B,20131107,5.0,
e9233c48,76812cf5,B,20131112,5.0,
f02ee1c1,43ecbfe4,B,20131126,5.0,
bfc39d43,c447a343,B,20140122,5.0,
770b23be,ab25e6f5,B,20131205,5.0,
371d548a,82608825,B,20131107,5.0,
a25c679d,30d2ede0,B,20140109,5.0,
b2ce226c,21fa937e,B,20131209,5.0,
572cfa1b,804da298,B,20131230,5.0,
a4147194,dd13dfff,B,20131203,5.0,
806a4866,bc6bf564,B,20131202,5.0,
6db14b18,020be9de,B,20131119,5.0,
3d8a4c24,04178aa2,B,20131216,5.0,
fb8f5da7,8ec8a653,B,20131209,5.0,
d09f28e3,0954ed7e,B,20131119,5.0,
5aa67519,bf1854e0,B,20140106,5.0,
2f8d458a,a38e8cb8,B,20131212,5.0,
1d771c5d,fd65112e,B,20131118,5.0,
b879b195,94417357,B,20131202,5.0,
4e528f09,7174cc33,B,20140204,5.0,
e886b556,aa7c4eb8,B,20140124,5.0,
34781663,ba714d12,B,20131119,5.0,
00a39ae2,07cbe38a,B,20131119,5.0,
787005a3,5f9803b3,B,20131114,5.0,
42dc96e1,15e943f8,B,20131213,5.0,
5c4dc1a4,151560a2,B,20131124,5.0,
6ebccd87,fbbf8a31,B,20131203,5.0,
9710bba1,ef9cfda1,B,20140108,5.0,
4291af7e,5a247a37,B,20131227,0.0,
3ed951bf,09373ea0,B,20131204,5.0,
4e9b0c4a,7167ed8e,B,20131217,0.0,
39257f2e,d274a181,B,20140204,5.0,
d6f2fb5e,d17038df,B,20131203,5.0,
442e9f69,f7e847d4,B,20131125,5.0,
faa33b40,95e31673,B,20140125,5.0,
8070fca8,a041d91f,B,20140111,5.0,
79d1b73b,4245436d,B,20131128,5.0,
36ab466d,67778e24,B,20140114,5.0,
b3e9ddb0,2a0a0cbc,B,20131122,5.0,
c4056df3,f53e1f4c,B,20140114,5.0,
e46bc18a,d8a06153,B,20140120,5.0,
c7df0695,b8175a3b,B,20131111,5.0,
75319500,39bf1b08,B,20140116,5.0,
46bbdfad,c04b844a,B,20131106,5.0,
f0a41517,909fd4dc,B,20140110,5.0,
91864934,e3b0aaed,B,20140108,5.0,
a920f431,3bac45f7,B,20131104,5.0,
a7876172,033d97a6,B,20131204,5.0,
b4dfcd1c,289f42f6,B,20140113,5.0,
ca278cbd,c3bf0a6c,B,20140116,5.0,
7fc9bd3f,f07713c5,B,20131128,5.0,
172e9cac,97052cd9,B,20131203,5.0,
12d73f6e,8407886b,B,20140109,5.0,
6347d285,1dedc726,B,20131111,5.0,
5dda7c70,ab0b6957,B,20131216,5.0,
3a1fe158,a4f60b19,B,20131210,5.0,
5e1c772f,8f19a33f,B,20140113,5.0,
d59bfc12,3c9826c4,B,20131128,5.0,
2e181701,7d3d2a3f,B,20131129,5.0,
8fcbde9d,efe2473f,B,20140109,5.0,
a1e513df,938486ed,B,20131119,5.0,
06022c6a,78394637,B,20140113,5.0,
1ebe3dea,326e1e27,B,20131110,5.0,
c910a632,ac704efe,B,20131230,5.0,
06ae758b,489d590c,B,20140212,5.0,
baa9c443,e5b114aa,B,20140108,5.0,
806c032b,2a7252af,B,20131127,5.0,
08728067,297ad9f2,B,20131121,5.0,
cb624b38,cd262e70,B,20140102,5.0,
416c9ed7,9a11bca5,B,20131216,5.0,
be0ff742,62a2f231,B,20140120,5.0,
b5a04681,f5525fd6,B,20131230,5.0,
2999ffc0,20b5da02,B,20131114,5.0,
3e25d814,9197ecb7,B,20131113,5.0,
f56cd43a,9786cb6a,B,20131216,5.0,
a00aea8c,84f91e41,B,20131212,5.0,
f23d1b82,52204da1,B,20131108,5.0,
ebf3d124,500a0cff,B,20131217,5.0,
7c9b7ab2,21879205,B,20140116,5.0,
31a34c23,00b69520,B,20131219,5.0,
19f859d7,21315c03,B,20131219,5.0,
43cbd166,c7dd25c1,B,20131118,5.0,
019e20d8,e8dd103e,B,20140103,5.0,
86998a37,8fce08a7,B,20131129,5.0,
a077d858,803300f3,B,20131210,5.0,
d4dce4b2,4c1ff8be,B,20140108,5.0,
37e09793,17716ef1,B,20140128,5.0,
1fe4a0f6,c38b9e4c,B,20140116,5.0,
8536bff5,2736da93,B,20131107,5.0,
5f957f61,0090c472,B,20131216,5.0,
d9363a55,0253e3e9,B,20131219,5.0,
3eed72c3,44a7bd97,B,20131219,5.0,
7295b77d,a08a279b,B,20131210,5.0,
f3b7b798,d1c9c137,B,20131220,5.0,
44e0d54a,0952d47f,B,20140116,5.0,
7ca920d3,17f65e9a,B,20131205,5.0,
f8499770,1d644b3f,B,20140113,5.0,
8407d2e6,811a3215,B,20140203,5.0,
d416ce22,4752272f,B,20131119,5.0,
395f631f,7e3e21a9,B,20140115,5.0,
83377363,e25f3358,B,20131120,5.0,
9f92070d,1cac378a,B,20140107,5.0,
f8ca0040,49bbf556,B,20140110,5.0,
3916e20c,4974e134,B,20140110,5.0,
b8535ba6,d3d78481,B,20140114,5.0,
5240a557,0950b40e,B,20140115,5.0,
250c7954,6b8ee7ab,B,20131224,5.0,
17f441fc,7a65c067,B,20131223,5.0,
e5c7b716,d575cc7e,B,20140113,5.0,
065a3abf,0844ab13,B,20140110,5.0,
0bf39fc0,35745a58,B,20140107,5.0,
dda5e150,87032a32,B,20140109,5.0,
673459ef,3d387a35,B,20131219,5.0,
0705d195,5d9494b7,B,20140116,5.0,
1e8edea8,ea76af08,B,20140106,5.0,
40f4b2ec,e311e66c,B,20131108,5.0,
3baf7a2a,8f9257c0,B,20140108,5.0,
c679be85,e19903a6,B,20140113,5.0,
fb82fb27,5e5ab290,B,20140113,5.0,
bff9830f,06eda19b,B,20131205,5.0,
d00592b1,14b2cc17,B,20140116,5.0,
55ec17eb,a35ffb6b,B,20140116,5.0,
a70e6d47,bd6047ee,B,20131113,5.0,
fd77dccd,1d4ffe30,B,20131120,5.0,
698f41cd,f7c15145,B,20131209,5.0,
ed264701,b3908458,B,20131220,5.0,
68279240,126e069d,B,20131203,5.0,
682b8a0c,9a631359,B,20140108,5.0,
a5cc5b8e,24e197ac,B,20131203,5.0,
d35fa55e,e61d3b24,B,20140117,5.0,
1a6842d1,c56d4367,B,20140108,5.0,
c90f657a,fea97d7a,B,20131113,5.0,
23b93056,ff33f2ab,B,20140213,5.0,
0272bf90,f3fae665,B,20131216,5.0,
b6a27479,f676987d,B,20140205,5.0,
19508935,5e8002fb,B,20140218,5.0,
310eaa11,c0cb0ecf,B,20140110,5.0,
98bf17cb,d523617d,B,20140204,5.0,
4f570363,0cacd2dd,B,20140107,5.0,
8750081c,234f822d,B,20140218,5.0,
fa01f4ec,31a026e6,B,20131211,5.0,
1f3d88c9,12d51c7d,B,20140204,5.0,
57b9da2f,f64c70cc,B,20140212,5.0,
8b5e195e,1161e283,B,20140211,5.0,
b777edb4,c2793b21,B,20140222,5.0,
842e0839,ddab2d05,B,20140213,5.0,
8ed07ce8,75db81dc,B,20140205,5.0,
fc4dc5a1,5159778d,B,20140211,5.0,
4ebd0e39,01507d5a,B,20140207,5.0,
3aff920a,df08fa55,B,20131119,5.0,
cf023871,96679bda,B,20131213,5.0,
b9b8d0fb,da608f71,B,20140214,5.0,
c5970bd7,6ed2ce94,B,20140204,5.0,
fb1caf5a,1e3467ba,B,20140215,5.0,
fde412b7,5f5a9749,B,20131211,5.0,
6bf4c6e8,656ab78f,B,20131108,5.0,
6c676d64,a99e861d,B,20140212,5.0,
516afa6d,b3a44db5,B,20140218,5.0,
016f8d78,f333ffbf,B,20131127,5.0,
0a0597ee,1ba08547,B,20140206,5.0,
5f941be5,6ffdc8dc,B,20140207,5.0,
c11786c2,e5b4f2fa,B,20140207,5.0,
dec4ca94,d8086ba1,B,20140203,5.0,
70273f04,b129f878,B,20140204,5.0,
0c057df1,4c407884,B,20140205,5.0,
733c42ba,c92029e0,B,20140207,5.0,
456da7d2,7f1f5457,B,20140212,5.0,
5fe56229,0d7d60f2,B,20140213,5.0,
b8c247e9,a1bf8e92,B,20140208,5.0,
45e7d387,0651edae,B,20140403,5.0,
1955458d,ceb455c3,B,20140220,5.0,
c229323b,7f8b16f8,B,20140220,0.0,
5049650c,7b2a09e4,B,20140205,5.0,
cec93024,5b790728,B,20140204,5.0,
b7a472ff,03487485,B,20140214,5.0,
adac6717,34cb319c,B,20140220,5.0,
20aaa2c1,84371987,B,20140204,5.0,
c425b908,a3bca4a3,B,20140206,5.0,
39379e92,9cc53e0d,B,20140205,5.0,
fd48419c,0afb3f6c,B,20140204,5.0,
b03ea34c,eb062cc1,B,20140321,5.0,
ba4049b4,b1ed6a5b,B,20140207,5.0,
a8afb6a7,b1ca0632,B,20140204,5.0,
bc38f69b,89a96f15,B,20140407,5.0,
88d921ed,705cfef0,B,20140403,5.0,
31c862e2,abc092c6,B,20140224,5.0,
78774e22,d6f51ea8,B,20140207,5.0,
e454e13a,d7ab8504,B,20140210,0.0,
48897cbf,f99da7b1,B,20140218,5.0,
fb2e1dc1,758e5354,B,20140408,0.0,
66971ec7,a867961d,B,20140221,5.0,
acbcc56f,450d95dd,B,20140328,5.0,
7419458d,a344ca62,B,20140218,5.0,
201772d0,0b15c094,B,20140328,5.0,
c788cacf,0c846520,B,20140204,5.0,
cf4779cf,1eb99f8d,B,20140206,5.0,
fbaf6782,3a2a5a8e,B,20140212,5.0,
f0c92bbc,a2235cc8,B,20140321,0.0,
2aff8794,bcd12563,B,20140408,5.0,
ee722a18,cc82f786,B,20140321,5.0,
63e29df2,9f77e39d,B,20140407,5.0,
f3763ce0,4875d751,B,20140313,5.0,
8a9fd24f,3e6509bc,B,20140321,5.0,
02837e52,b550074a,B,20140314,5.0,
ee8fe501,a5a367dd,B,20131219,5.0,
742efb51,fa91715a,B,20140404,5.0,
906e9ab5,6c6bbb61,B,20140213,5.0,
79a1f007,9988005a,B,20140405,5.0,
a918fe29,a3114316,B,20140403,5.0,
99b3dab1,41429ac5,B,20140401,5.0,
aee694c3,ce7b4660,B,20140401,5.0,
20a4b272,6808d79b,B,20140321,5.0,
0d804746,3929a156,B,20140328,5.0,
275c13c8,b69cbd4f,B,20140407,5.0,
bd5ee636,9cfdd829,B,20140403,5.0,
077e9ea9,1f58b162,B,20140204,5.0,
86bc2f98,1a3c87f8,B,20140401,5.0,
eddb5c42,ecd11a3e,B,20140328,5.0,
d8a6c0bd,129b3833,B,20140411,5.0,
95e43ce0,5f115502,B,20140404,5.0,
be609538,36701af2,B,20140325,5.0,
42a18d29,2aaa8bb8,B,20140326,5.0,
e5cd25f3,a24adabb,B,20140404,5.0,
5808df98,7d916815,B,20140724,5.0,
979f0038,384a8ec0,B,20140404,5.0,
48f4cd0d,9fc709ae,B,20140402,5.0,
2db239d5,0a9c3592,B,20140401,5.0,
2e125562,e9e408e6,B,20140325,5.0,
c66cd085,335d4601,B,20140407,5.0,
10dd5c82,f39f3fc7,B,20140403,5.0,
531abd2f,f567e644,B,20140404,5.0,
fbeddc99,9bd82e90,B,20140404,5.0,
86d5dab3,13e2c11d,B,20140401,5.0,
d88fc7db,2a34dcbb,B,20140408,5.0,
a2e2b2c5,96cdbf07,B,20140404,5.0,
532f3685,ccee4595,B,20140407,5.0,
21013ab9,22108a19,B,20140407,5.0,
cb3a9264,fedba90e,B,20140404,5.0,
947dde74,8833f618,B,20140408,5.0,
e81eb787,7d279c6b,B,20140408,5.0,
948c6e99,0265c0b1,B,20140407,5.0,
a753e711,58ea9b20,B,20140318,5.0,
c926f616,9e7bfd14,B,20140326,5.0,
4e4c0238,cefc702b,B,20140204,5.0,
072a996b,b7c0fb5c,B,20140325,5.0,
40e917c8,f7401d13,B,20140318,5.0,
50bae554,d2f4ba9a,B,20140317,5.0,
12de5dfa,ce3050bc,B,20140317,5.0,
695357cb,5db95dca,B,20140404,5.0,
422d3d2e,0fabbd02,B,20140317,5.0,
7188d89c,56c35432,B,20140320,5.0,
5da4d293,dbf3b2d0,B,20140327,5.0,
1f2c1fa2,b44c0f8a,B,20140326,5.0,
94ff2b13,a78eee15,B,20140407,5.0,
41f45434,86108621,B,20140321,5.0,
5ad1ba03,6edc1911,B,20140325,5.0,
0b705170,966160eb,B,20140317,5.0,
59a4a1ff,1bbf3870,B,20140408,5.0,
08b8a93f,e623d546,B,20140318,5.0,
54b14c14,e52b0850,B,20140404,5.0,
e2112b6b,1c327ebc,B,20140318,5.0,
5741d8b9,380484cc,B,20140320,5.0,
1b46ce8e,ebb3a1fc,B,20140318,0.0,
6f627fe0,45e79218,B,20140320,5.0,
071b7daf,84eb4722,B,20140331,5.0,
e9de0f16,15b14678,B,20140326,5.0,
2cad4b61,c89602b3,B,20140328,5.0,
435da6d2,6204cc3a,B,20140313,5.0,
7b6ddb64,36ecac8a,B,20140319,5.0,
2b96c105,c1f59a2a,B,20140403,5.0,
db7dde80,16d1c087,B,20140326,5.0,
20ec2c66,ceb382df,B,20140313,5.0,
116bdbc1,74fb7cdb,B,20140313,5.0,
f8c2cbcd,3dbfa7ee,B,20140316,5.0,
3d922128,78c64d57,B,20140320,5.0,
0b5b3c00,14761c0a,B,20140325,5.0,
7a3aa313,c56dded0,B,20140304,5.0,
777dda6c,3b231459,B,20140320,5.0,
22a5d9ee,f5b03c2e,B,20140327,5.0,
b787c195,93aeade8,B,20140225,5.0,
2cfa23e6,5f902d01,B,20140304,5.0,
ec3f9ed8,64ee9310,B,20140317,5.0,
fee4e9c6,3d43da2e,B,20140314,5.0,
41885357,1e9f51c6,B,20140227,5.0,
6572b64c,c4b3f170,B,20140303,5.0,
440df632,8b43045f,B,20150106,0.0,
3afe7bea,9e5acd5f,B,20140327,5.0,
586028a1,679e21ab,B,20140320,5.0,
aa08cdda,f8d736c0,B,20140326,5.0,
429871ed,f4074e83,B,20140321,5.0,
3de5127a,33ab553c,B,20140223,5.0,
328f432b,9c4f3306,B,20140321,5.0,
adc476f7,2560c9d6,B,20140320,5.0,20141125
9ee8e0d0,6040c5ac,B,20140319,5.0,
d2c6fca1,f57da88f,B,20140325,5.0,
111d1169,f17eb8da,B,20140224,5.0,
e755078d,7387cabd,B,20140326,5.0,
f67a1dc1,ab82f396,B,20140225,5.0,
63904a5c,4c81893e,B,20140224,5.0,
c68db181,8b7a315e,B,20140227,5.0,
5d18730c,6edb826a,B,20140226,5.0,
799ceedd,4f916aaa,B,20140317,5.0,
57374bb9,468eb2d5,B,20140225,5.0,
73675dfa,3344d6c7,B,20140314,5.0,
cf9395d4,737a360d,B,20140314,5.0,
8923fe35,c42b8503,B,20140305,5.0,
19020896,26ece35f,B,20140220,5.0,
e35edc28,d9aea5b3,B,20140317,5.0,
4d856d4b,49a292e7,B,20140227,5.0,
c38e8256,9e16edf7,B,20140312,5.0,
4fcb91ad,ab5da03e,B,20140227,5.0,
a7aa3983,54be8aaa,B,20140225,5.0,
0b92cd61,7725b71e,B,20140304,5.0,
25a7fd77,3e8eba78,B,20140312,5.0,
cf2a331a,698229d5,B,20140303,5.0,
7693eb71,4386402a,B,20140305,5.0,
6c00fd3d,30689d6c,B,20140225,5.0,
bffd65c7,a513eb0d,B,20140314,5.0,
163e4bd4,f82d49af,B,20140220,5.0,
058add6d,7d9ef09b,B,20140220,5.0,
d901d645,21201e38,B,20140411,5.0,
4bda7b6f,1de8ceba,B,20140411,5.0,
e16c9e8e,5dda69d0,B,20140225,5.0,
e5209694,fd665979,B,20140228,5.0,
47613864,03c0424e,B,20140220,5.0,
c3934a25,cfaf9609,B,20140318,5.0,
96c5b778,917be842,B,20140221,5.0,
aeb16fa2,c8f5c9b0,B,20140410,5.0,
09b65374,534ffab5,B,20140311,5.0,
e973dcd2,49196cd0,B,20140307,5.0,
db14e875,35cd4d07,B,20140220,5.0,
86151ca9,683886fe,B,20140226,0.0,
a7c7ac52,a5d591e7,B,20140317,5.0,
73c32317,90401093,B,20140304,5.0,
1edb9f5e,e06db391,B,20140414,5.0,
dfc74aa0,6cc3dab7,B,20140509,5.0,
1c69b75b,bf2958ea,B,20140226,5.0,
62f0f5ed,b355030d,B,20140225,5.0,
ece7fe13,fb178296,B,20140425,5.0,
7a4b611b,1c63f932,B,20140220,5.0,
b97f1d09,48e4b212,B,20140424,5.0,
3515ce39,fc16e266,B,20140417,5.0,
15f19c74,3e070f2b,B,20140221,5.0,
6f3c7e99,654f0619,B,20140227,5.0,
220f5b75,b3176124,B,20140416,5.0,
5f26dee0,a63ca865,B,20140417,5.0,
2a72d02d,d0b74f5f,B,20140502,5.0,
1c486d69,f42f3a5d,B,20140422,5.0,
97c3a746,922ba6c6,B,20140514,5.0,
ef40f3f4,21e317a4,B,20140226,5.0,
b628c09f,19c4fe19,B,20140514,5.0,
67cc500e,390ffaff,B,20140417,5.0,
30e51f9f,687b1164,B,20140425,5.0,
8ce8d868,e34195c9,B,20140429,5.0,
558226b5,9f0e19fd,B,20140417,5.0,
1bb8bc7d,3e6ddaed,B,20140411,5.0,
d002b4e5,898ff4b8,B,20140424,5.0,
8b17d3ba,60cc3a52,B,20140508,5.0,
69c5ce7c,3b58c340,B,20140422,5.0,
f4731b04,bec135b7,B,20140417,5.0,
33c81d36,60f3e3a5,B,20140507,5.0,
d9b511d5,661f1ca1,B,20140425,5.0,
241403a8,776ba8bd,B,20140506,5.0,
007274de,d4172615,B,20140410,5.0,
82cb13e6,a1d8f2fb,B,20140415,5.0,
9cc95291,ab668ff8,B,20140422,5.0,
2ec2905e,7bcf3441,B,20140505,5.0,
4e148b26,b4b8377d,B,20140424,5.0,
501ffceb,1e6337c4,B,20140417,5.0,
7b0d9a1d,154fd653,B,20140410,5.0,
fa3ac9e9,c9233b13,B,20140422,5.0,
f9dce8f4,734226fb,B,20140423,5.0,
70a49857,5fcf2dad,B,20140425,5.0,
1dcc8f53,bad02cd2,B,20140422,5.0,
38982f30,873b0286,B,20140410,5.0,
fb424fa9,6dd772bf,B,20140514,5.0,
25fbddaa,7ef5792b,B,20140425,5.0,
95eb0f7a,449d2802,B,20140424,5.0,
5870612d,cca4e896,B,20140408,5.0,
9c6ec839,c29b2689,B,20140407,5.0,
4c626877,7492ecf1,B,20140220,5.0,
0ce5587e,bdfd1d3f,B,20140415,5.0,
91745784,e1317d3e,B,20140415,5.0,
d6d722a5,11fe4a4e,B,20140424,5.0,
875d40f4,c97cf3f6,B,20140422,5.0,
673a93c2,7d7f828e,B,20140410,5.0,
bc37e6d0,245df7e5,B,20140422,5.0,
1157d709,b4e396d4,B,20140425,5.0,
8aab026a,a1321fdb,B,20140424,5.0,
f70a7dca,3a5ecddf,B,20140310,5.0,
15508860,07a5805a,B,20140221,5.0,
cd8a0892,0bcc8cde,B,20140507,5.0,
e9a0eda0,4fb89d2c,B,20140408,5.0,
a71183ab,0b9295d0,B,20140415,5.0,
66464efa,fbd275f5,B,20140502,5.0,
e3c7740f,8decc868,B,20140506,5.0,
42d459f5,dcff2883,B,20140416,5.0,
823326b7,3104d0cc,B,20140417,5.0,
bab24b50,ed0d85dc,B,20140422,0.0,
a22bd5a0,902aa3ba,B,20140428,5.0,
7915a52a,cae9f088,B,20140411,5.0,
0e11a041,b095e69e,B,20140415,5.0,
d6e0837a,5c30ac44,B,20140410,5.0,
9775e286,c63e8985,B,20140415,5.0,
14a12c6f,922fcd00,B,20140509,5.0,
164e4ed3,4f6f66d0,B,20140501,5.0,
dd387bba,1f5893b8,B,20140428,5.0,
e459adfc,e1927cf5,B,20140415,5.0,
daa04963,0e6415bb,B,20140509,5.0,
643fcd0e,835c66be,B,20140414,5.0,
5941f7bf,a44a3b66,B,20140414,5.0,
cb9c9224,e18d6424,B,20140411,0.0,
e9051e6c,e3f83116,B,20140414,0.0,
5a10f1f2,a87b7608,B,20140516,5.0,
bcca790f,55c72867,B,20140425,5.0,
b69bb058,0a8bab0c,B,20140506,5.0,
84646c9e,1f9bfd2e,B,20140414,5.0,
babd2004,8685a0c0,B,20140414,5.0,
40481d05,5c27d0f7,B,20140409,5.0,
6ee698cc,5deaf070,B,20140429,5.0,
4e7a3cec,9965e796,B,20140411,5.0,
57c995ca,1a161be9,B,20140411,5.0,
482edf74,92ea0344,B,20140409,5.0,
10a75033,249132f2,B,20140414,5.0,
b6c078f0,46ff3646,B,20140428,5.0,
5f84c607,9dcd4098,B,20140411,5.0,
370fce9c,13688e05,B,20140409,5.0,
c09d18a5,e3fd50b2,B,20140416,5.0,
4b48babc,a60f0ca4,B,20140429,5.0,
dabf8cf9,a406d5a0,B,20140403,5.0,
897386bd,6a4e4406,B,20140415,5.0,
fccc1cb9,5dac87ee,B,20140409,5.0,
5143549f,3c776030,B,20140904,0.0,
8c026218,b43ca493,B,20140410,5.0,
4af402e0,4719835a,B,20140416,5.0,
0d758872,3a6b211d,B,20140401,5.0,
f5611355,45e095d7,B,20140409,5.0,
364d816d,d774cf99,B,20140321,5.0,
4fb82150,882c0edf,B,20140508,5.0,
f040a914,57d2df46,B,20140328,5.0,
3f8589a1,d3100d6a,B,20140903,5.0,
6746491f,59462e09,B,20140409,5.0,
5ef02e3e,c2b7bd98,B,20140403,5.0,
942e9df6,7af13f0e,B,20140505,5.0,
b30b0e0c,a0f84b7b,B,20140408,5.0,
c43ebe26,396cfbf5,B,20140815,5.0,
d6a1d8a9,c0a94242,B,20141003,5.0,
98aa7bef,06fb3cdb,B,20140515,5.0,
38b5b307,f25f8ddc,B,20140331,5.0,
a15fb8e4,ae7fe395,B,20140711,5.0,
930637c7,747265a4,B,20140813,5.0,
0405d938,ffeb404e,B,20140506,5.0,
61249bc5,fa97301d,B,20140813,5.0,
c5c9d5de,56ea3c59,B,20140916,5.0,
4d68a40e,3fe37981,B,20140602,5.0,
96c6d046,52c5f655,B,20140703,5.0,
b92ecc0c,a24cfea5,B,20140721,5.0,
7030033e,8b146b91,B,20140916,5.0,
88954da2,b22b9284,B,20140522,5.0,
756ec947,60b22215,B,20140331,5.0,
f130b6f7,8f75d7cc,B,20140822,5.0,
370033aa,ff81749d,B,20140528,5.0,
96dd0c7b,f01e940f,B,20140806,5.0,
791938d0,64c28e41,B,20140903,5.0,
96b41d30,a31bf467,B,20140825,5.0,
ff8f4ee6,22b8ace8,B,20140918,5.0,
59397f57,92b63d45,B,20140605,5.0,
19d81642,43ebd9a3,B,20140919,5.0,
51aa6481,fd9658c9,B,20140826,5.0,
21613b82,447527d7,B,20140929,5.0,
a49bd5d6,5e3d217f,B,20140903,5.0,
49eae5a4,15a118c1,B,20140722,5.0,
cc5d2e61,64d9f3ac,B,20140903,0.0,
3ac05705,801e7f10,B,20140904,5.0,
049290d9,0177dc26,B,20140829,5.0,
34a5f81d,1d5b768e,B,20140904,5.0,
ae6be9ca,457fe1cb,B,20140516,5.0,
a18830dd,11a6cf1b,B,20140512,5.0,
f91f5653,a8213ac8,B,20140606,5.0,
fb4acd71,94a044f3,B,20140604,5.0,
5689e2f4,4f463f87,B,20140716,5.0,
41811dda,257f96b3,B,20140612,5.0,
335222ce,074d2b95,B,20140808,5.0,
04cf5871,36297491,B,20140603,5.0,
c0207197,bca9d921,B,20140826,5.0,
e150b1ae,d9771ba3,B,20140522,5.0,
322338b3,670dcdd7,B,20140527,5.0,
5541a144,6f528159,B,20140926,5.0,
e3fdf5a5,ae41a84f,B,20141028,5.0,
9a8b9038,6b6b4a3b,B,20140521,5.0,
f392a5af,bef155db,B,20140603,0.0,
c2e93cd6,d4645468,B,20140715,5.0,
1d567b94,7447c99d,B,20140812,5.0,
d2401caf,c3b720e9,B,20140520,5.0,
268a1b70,da9cb007,B,20140715,5.0,
b7ca00ea,80dd1c2a,B,20140521,5.0,
c09750b2,d28c3d0b,B,20140924,5.0,
8e591250,524c0ee9,B,20140521,5.0,
3ed24f96,0e13591b,B,20140602,5.0,
35e1d0e9,e2312aa1,B,20140604,5.0,
00b276ea,6dfdb029,B,20140916,5.0,
ef413e03,ae2cb57b,B,20140717,5.0,
2e21001b,24dd193f,B,20140717,5.0,
438eb772,0fa56128,B,20140522,5.0,
2aca604e,f13f9941,B,20140707,5.0,
a9fb1bca,416d36e5,B,20140515,5.0,
719f6f6e,98406508,B,20140618,5.0,
841bd421,4e98ce18,B,20141117,5.0,
52de4a9f,67ed0bf3,B,20140702,5.0,
de670256,d8214715,B,20140717,5.0,
2849a951,90e85d1d,B,20141120,5.0,
deb27621,2cd96cd4,B,20140520,5.0,
a8af8f44,b782f5a0,B,20140709,5.0,
8aac1dcf,a070ac55,B,20140817,5.0,
ebdd2de5,c41b11d9,B,20140825,5.0,
92ccf72b,2ebb9a41,B,20140915,5.0,
55c72f1c,6bf8b1dd,B,20150825,10.0,
49548a9a,48fab36f,B,20140609,5.0,
a4f61606,bbeef8bc,B,20141119,5.0,
2deaf554,937c3bfa,B,20140703,5.0,
2a36fb2d,67e32200,B,20150118,5.0,
681ed877,c79bb135,B,20140603,5.0,
e0bcfebe,2fbc1849,B,20140916,5.0,
9dc7eeeb,61565aab,B,20140915,5.0,
1a6d7afa,741b0df3,B,20140815,5.0,
f94ff10a,580840c1,B,20140826,5.0,
a8373f60,8a44e845,B,20140519,5.0,
3b1105ca,0077521a,B,20140820,5.0,
bf3fc299,cd040257,B,20140605,5.0,
43f16c81,8de369a9,B,20140723,5.0,
6137297b,1e9682c5,B,20140721,5.0,
72484a57,9f043285,B,20140923,5.0,
6cc87fd5,48185f29,B,20140926,5.0,
a8ccecee,5c79b821,B,20141119,5.0,
c3fd6808,d2d21485,B,20141004,5.0,
53a49715,cd938d02,B,20141113,5.0,
bb4a11e7,fba6d155,B,20141209,5.0,
fcf34fe3,a848d8f7,B,20140930,0.0,
1020a2f5,7fcdb32f,B,20141010,5.0,
0ef39f0a,6f6622b8,B,20140708,5.0,
6b2285c7,575a4565,B,20141220,5.0,
9796d79c,5d06ef1c,B,20140828,5.0,
c15e4ded,d53fb33c,B,20141124,5.0,
037e2cc3,619de07c,B,20150207,0.0,
09baa5d3,9cf11aa9,B,20141117,5.0,
a00d79e6,0f8195c1,B,20141124,5.0,
a5ddd075,1af8ef32,B,20140829,0.0,
19554072,2e1f6939,B,20141103,5.0,
b747509a,df5e17e8,B,20141017,5.0,
19ac4fdc,fefdf36f,B,20141116,5.0,
76c531d3,3a02a3ac,B,20141106,5.0,
13651555,8a2f23ac,B,20140902,0.0,
1628ba6e,518c696a,B,20140522,5.0,
1ff7060c,2881a8be,B,20141007,5.0,
70d0a735,2789bedb,B,20140829,5.0,
4ec69b24,4b1286c8,B,20141007,5.0,
895b107f,94f114e8,B,20141029,5.0,
c7c471cd,6dc88dea,B,20141209,5.0,
0a8c4513,d9bf3af0,B,20140916,5.0,
50aa120d,bfc57fc0,B,20140915,0.0,
c12bcb12,248469ae,B,20140923,5.0,
6c02b720,fa74a510,B,20141009,5.0,
f3ccfe24,92836051,B,20141104,5.0,
a8d431bb,f9eab0bc,B,20140924,5.0,
d7c2c133,332a3a71,B,20140926,5.0,
0aded537,5bccae41,B,20141008,5.0,
bc532015,df2d9c80,B,20141120,5.0,
97904c65,08c68e43,B,20140829,0.0,
c2b2ab0c,c07c9dc0,B,20140916,5.0,
79e9fdb5,ef340602,B,20140722,5.0,
8e276ab8,937d1a4f,B,20140925,5.0,
8af7d930,65608668,B,20140923,5.0,
f75a2264,1b250f35,B,20141106,5.0,
c284f3b3,35098bf4,B,20141112,5.0,
daace215,04b6ca0b,B,20140913,5.0,
d9dc43ac,38690c9a,B,20141016,5.0,
91cfde57,b0ab3a7f,B,20141007,5.0,
1ba55343,bfc453dc,B,20140610,5.0,
a05f73c6,7624149c,B,20140708,5.0,
59ee5f87,6bb1cf4e,B,20140627,5.0,
68201a38,3c64149a,B,20140714,5.0,
c68909d1,4ac417a8,B,20140929,5.0,
1819061b,0d428789,B,20140709,5.0,
fa1386e2,c4f745fe,B,20141127,5.0,
17f6b278,f8b1c31c,B,20140619,5.0,
9fded9bf,b62b1df1,B,20140522,5.0,
f53c23f0,65d06278,B,20140619,5.0,
64a0d068,dc9add37,B,20140911,5.0,
ad1ed3c0,639129e5,B,20140613,5.0,
65ca2c76,bffc6002,B,20141009,5.0,
8b3b9ed9,15e3de0f,B,20140702,5.0,
12959aec,f41a1c07,B,20140611,5.0,
74429069,43e04e8b,B,20141007,5.0,
983c4756,d49286a0,B,20140724,5.0,
85d6426b,4409e9a6,B,20141008,5.0,
93090fdb,45d69387,B,20141106,5.0,
cc8a6237,ebb985b8,B,20140626,5.0,
8f9bd935,8c79a1ef,B,20140514,5.0,
8999be62,88eb26b4,B,20140514,5.0,
29d94d41,df8637bf,B,20140702,5.0,
c5e31c36,c9a5f4a4,B,20140513,5.0,
fd56a6dc,cbed49e8,B,20140925,5.0,
5a181760,ecc7b40a,B,20141016,5.0,
79bcbecd,4ce69c71,B,20140821,5.0,
22741dd7,bdf407df,B,20140811,5.0,
b75c0c04,41c83004,B,20140520,5.0,
f8d036ed,4e6bcb5e,B,20140620,5.0,
4b988c77,25b7ce3b,B,20140708,5.0,
3b0376cd,147b10f2,B,20140509,5.0,
2e3d0701,2fa2b8af,B,20140513,5.0,
d91571c1,751cbf2a,B,20140911,5.0,
6df2c7c5,bd1e253d,B,20140512,5.0,
8d891e4d,14d44a5f,B,20140815,5.0,
7c3b25d3,c6bb1190,B,20140528,5.0,
b732f30d,245afa50,B,20140519,5.0,
cace8da5,c93337af,B,20140912,5.0,
196c7bee,533c6783,B,20141003,5.0,
df7ae66c,4a8e6087,B,20140918,5.0,
bb97ffed,81e0a144,B,20140815,5.0,
1cf04bea,f399d67e,B,20140812,5.0,
9be31c34,b58a1e8d,B,20140619,5.0,
f4b1c8d2,361ebdef,B,20140808,5.0,
617be025,dd8617e9,B,20140512,5.0,
ac1bd386,72c0a6cd,B,20140513,5.0,
752e5394,d162a988,B,20140516,5.0,
aedd59b2,718288d8,B,20140911,5.0,
3dadf5a5,7b325674,B,20140717,5.0,
025b148a,309ab8c7,B,20140918,5.0,
58757949,854790fe,B,20140924,5.0,
8869b2ef,da940202,B,20140714,0.0,
86dbc252,cca8293f,B,20140718,5.0,
6d7fa9e3,ffa369f5,B,20140516,5.0,
9a4a0cd3,d2afb357,B,20140908,5.0,
afa47068,5f8ea990,B,20140606,5.0,
b21df737,01d5ef6c,B,20150115,5.0,
2721ac7a,d12d8568,B,20140813,5.0,
8d071a94,9395bf2d,B,20140715,5.0,
3fb0ec2a,af3464f2,B,20140513,5.0,
d83575e5,d0017fce,B,20140513,5.0,
02eb3f20,d5506078,B,20140711,5.0,
9935c879,7b1c06aa,B,20140714,5.0,
f87ecf50,b041282e,B,20140516,5.0,
fecb1dc8,72e8fc94,B,20140605,5.0,
f28b25d7,81ec5a0e,B,20140602,5.0,
f640d6c1,503bd218,B,20140724,5.0,
4acf2f03,2c8a8e75,B,20141029,0.0,
e5a39010,7f2f8b70,B,20140912,5.0,
6bb9b7b0,47225d09,B,20140729,5.0,
8ba679c8,4df4a23e,B,20140904,5.0,
9e5391cc,966cc852,B,20140602,5.0,
0473f648,4fa7e7d4,B,20141120,10.0,
ff27e4e4,cb7a0f81,B,20140514,5.0,
ea73cbfa,62cbbc6f,B,20141028,5.0,
6c06dd08,b306b90b,B,20140917,5.0,
7c19f075,88d9c346,B,20140724,5.0,
44e5d552,905a9c77,B,20140925,5.0,
583180fd,054b960d,B,20140729,5.0,
8adff6cd,0862b001,B,20140825,5.0,
e2e26b95,35aa7b3e,B,20140918,0.0,
9ab6eb64,612113e6,B,20140731,5.0,
c3fa897e,fb2ae743,B,20140714,5.0,
6ced7e19,9675e112,B,20140708,5.0,
943ba1c7,dfbd2c7d,B,20140606,0.0,
f1955b2a,d2a77321,B,20140821,5.0,
c3c4d60b,db2ec071,B,20141107,5.0,
b0455a74,c95d1a54,B,20141111,5.0,
beedf82c,cf729268,B,20140701,5.0,
1ec8f916,a60e8167,B,20140722,5.0,
fcdb569d,57da3355,B,20140723,5.0,
2ad5b4f3,56876e95,B,20140805,5.0,
96459a7e,49c74393,B,20140822,5.0,
0ed889cd,e18b3a77,B,20140820,5.0,
eca445b1,77f016f2,B,20140613,5.0,
9c5fc20d,14271d01,B,20141104,5.0,
b7c3d3d5,cb13f1c8,B,20140718,5.0,
f0879681,7a944593,B,20140702,5.0,
eda6d2eb,810234cb,B,20140722,5.0,
d80f6262,66577379,B,20141029,5.0,
6470f02b,06ae11be,B,20140604,5.0,
5a543982,8cea25d4,B,20140711,5.0,
2e5207cf,c4bd505e,B,20140707,5.0,
b5a7eb51,1b35270f,B,20140903,5.0,
ff3ea470,859a1ad1,B,20140717,5.0,
fed8e22f,6cfa422e,B,20140805,5.0,
208d2792,83b88bb5,B,20140725,5.0,
452cf085,82c249b6,B,20140721,5.0,
b5172f00,960429d4,B,20140704,5.0,
51cc562c,3ef22e0a,B,20140821,5.0,
f51ab9cb,30157d88,B,20140905,5.0,
a0f1dd13,b6f161e3,B,20140722,5.0,
3cc3bf9c,1e88cdc1,B,20140805,5.0,
78dc6aff,aaea72b6,B,20140708,5.0,
a41f4105,2d10cf45,B,20140904,5.0,
f088d61d,406139c6,B,20140624,5.0,
2abc880e,1e36c4ef,B,20140624,5.0,
aa753764,ba157c8e,B,20140729,5.0,
15819805,db622884,B,20140624,5.0,
89bafe41,210357a8,B,20140703,5.0,
3a2fb46a,d393a6b2,B,20140704,5.0,
21c9b21a,ef8e9d32,B,20140703,5.0,
6227fbba,e7f906c1,B,20140905,5.0,
248cc4fc,0a7f9c42,B,20140906,5.0,
27a2e9ae,47b32911,B,20140804,5.0,
ee7f0b40,e72e128e,B,20140909,5.0,
cb183ddb,81ec3372,B,20140624,5.0,
ed6fb1aa,5114055e,B,20140730,5.0,
0dc7e00a,de4cf3fb,B,20140625,5.0,
e56d956c,291b9c79,B,20140725,5.0,
5c6173f1,5879ff37,B,20140704,5.0,
61b8e7e6,aaa9d176,B,20140702,5.0,
3b08fd80,e89a267c,B,20140919,0.0,
805582b2,438fe93b,B,20140702,5.0,
56322d71,8af0122f,B,20140630,5.0,
9ea92f07,569d7b74,B,20140926,5.0,
2bdb9964,fd75e37d,B,20140918,5.0,
f6d592b3,7b3a3caa,B,20140616,5.0,
c0928224,ce06ac22,B,20140627,5.0,
e541d408,2447c6bb,B,20140625,5.0,
f5c3e13d,2656a428,B,20140929,5.0,
95a53127,68d693d3,B,20140623,5.0,
4f163d64,ddfb3c6c,B,20140527,5.0,
359b84bb,0b9011bd,B,20140617,5.0,
9991c7d2,f6c5bbc0,B,20140624,5.0,
8efdd8c3,fa865a93,B,20141009,5.0,
c2ca5c5d,e6188ea3,B,20140625,5.0,
9e4de85e,dd1df8d0,B,20140625,5.0,
50010160,76a9a445,B,20141003,5.0,
7ee13d1c,166077a8,B,20150109,0.0,
cfab671e,3357c16b,B,20141231,5.0,
8dbd6a53,99b1a224,B,20140923,5.0,
dae4eef5,fa1cf267,B,20140804,5.0,
b0abdb1a,7031349e,B,20140529,5.0,
73b282ad,cfebe001,B,20150116,5.0,
f600f9a9,280b8da5,B,20141022,5.0,
a5bf0059,643dfe55,B,20140815,5.0,
a2691ef6,3653254d,B,20140822,5.0,
e1808537,523ad820,B,20140603,5.0,
51eb2840,795b5cf0,B,20140807,5.0,
30912992,31cfdf26,B,20140820,5.0,
465facae,9d5847eb,B,20140826,5.0,
67965c5f,2631b46b,B,20140821,5.0,
1f3a9dc0,d9bfa699,B,20140806,5.0,
eae60297,4ae0f3a1,B,20140603,5.0,
b953e713,646cf36d,B,20140821,5.0,
bb2b7343,8f53cef0,B,20141022,5.0,
1b015266,215bdd5e,B,20150120,5.0,
0c932757,055bbe9e,B,20140603,5.0,
027c0b9d,d2b6322b,B,20140821,5.0,
c8ef0cc3,d57767b5,B,20140529,5.0,
b0804613,d1b5bfa2,B,20140930,5.0,
211f71a0,6c7a02dc,B,20140819,5.0,
227bd4aa,21f789ca,B,20140528,5.0,
1cc6f523,974152ce,B,20140825,5.0,
5e77c157,7ac4354f,B,20140521,5.0,
dedf51b8,5a0bd45f,B,20140916,5.0,
b64d4415,80b0706f,B,20140916,5.0,
ba175d10,188e6fbf,B,20141219,5.0,
482ca836,3113b85b,B,20140630,5.0,
b883e9a2,212d539c,B,20140609,5.0,
3c2c3eaa,8cf764af,B,20150522,0.0,
7c0c3394,62034f57,B,20150108,5.0,
cd18b82b,b7b526b0,B,20140625,5.0,
151cf72f,73cd69b3,B,20140522,5.0,
142aebbe,26872019,B,20140612,5.0,
8ce4da9e,b7cd74e8,B,20140807,5.0,
c0a52d97,3ff9fb9c,B,20140816,5.0,
ce0d53d4,973ea800,B,20140602,5.0,
cd092343,699fced3,B,20140925,5.0,
0516ef6a,0181ec41,B,20140813,5.0,
77219186,e2944285,B,20140613,5.0,
3a6b7ed6,77904970,B,20140826,5.0,
ec0082cd,6a473a73,B,20140616,5.0,
94d5faf0,2a96a963,B,20140827,5.0,
4b1683b6,99a0a6e3,B,20140616,5.0,
621180dc,491ac3bb,B,20140625,5.0,
82e01834,247f6dcc,B,20140910,5.0,
279b5212,41c0a5f2,B,20140911,5.0,
4160e240,5a2d291c,B,20140821,5.0,
038eadc5,06554051,B,20140902,5.0,
06b17dbe,c06b4d2f,B,20140904,5.0,
baf25a7e,7e513928,B,20140630,5.0,
da1f5068,bbb2f3bf,B,20140903,5.0,
8ab8c5e2,07ffcec4,B,20140827,5.0,
1400f84d,3efabbf5,B,20140628,5.0,
b0b46a54,b83f2c99,B,20140911,5.0,
7ee895d9,30bf599f,B,20140903,5.0,
042c6a6b,35b78f3b,B,20140820,5.0,
5c842d89,6cbc746e,B,20140628,5.0,
31d4da83,1c576c92,B,20140611,5.0,
4db08f43,6f6cbec0,B,20140825,5.0,
afb5c813,b1c4b2b4,B,20140911,5.0,
cf87407d,3e703752,B,20140822,5.0,
55f8d027,cd141494,B,20150108,5.0,
df585a70,e9331b54,B,20140905,5.0,
289e05a2,1f16577f,B,20140612,5.0,
b34fd858,0e639198,B,20140904,5.0,
da443555,cb47d768,B,20140828,5.0,
408f29cf,7e176968,B,20141212,5.0,
0c42a846,9d07bd96,B,20140930,5.0,
12a33b63,21a480d6,B,20140813,5.0,
5e3589b2,b6393e9f,B,20140612,5.0,
772fc12a,6b5609d6,B,20140609,5.0,
659c088a,20ee4e96,B,20140611,5.0,
41058fc3,36a3b705,B,20140915,5.0,
bcffed40,1047d45e,B,20140912,5.0,
ad325150,6a4af5d6,B,20140813,5.0,
8996f3fb,1be3953c,B,20140909,5.0,
e0cc6796,e671e938,B,20141213,5.0,
9dd496ab,2dfad72d,B,20140612,5.0,
a209b1a3,ba931925,B,20141215,5.0,
6a9a0c33,66b9a62c,B,20140917,5.0,
bfaf11ef,cfa8e41f,B,20140818,5.0,
4a9fd940,51edd0fa,B,20140610,5.0,
8aca2161,c319480b,B,20140729,5.0,
ea39c72f,8430e1ab,B,20140904,5.0,
8c59ab1e,596df6f3,B,20140731,5.0,
ebaf8feb,4031bd3f,B,20140610,5.0,
6ebc70fa,7cd4b165,B,20141218,0.0,
b232f294,a57679db,B,20140711,5.0,
b2ee3209,49cac14f,B,20140620,5.0,
d34f7ceb,7fdeb0a5,B,20140812,5.0,
b97323dc,ba925a96,B,20150106,5.0,
f3e968c0,f08b4edf,B,20140609,5.0,
28565a1a,53181881,B,20141212,5.0,
899801ac,0ad20c85,B,20140911,5.0,
85539eaa,9149d629,B,20140609,5.0,
bf633285,6b60f816,B,20140821,5.0,
384baf10,88e57c99,B,20141114,0.0,
a45b02e5,73f8ec07,B,20140624,5.0,
859368f9,3e65099c,B,20140905,5.0,
d5d715d6,2187a0e4,B,20140610,5.0,
452745a1,cf1d76cd,B,20140926,5.0,
5685f87b,373711dc,B,20140731,5.0,
6ca3faf1,827d7402,B,20140911,5.0,
3683cb04,b6e5e6d6,B,20140709,5.0,
22fecdd5,9e3b3a97,B,20140623,5.0,
0dc951fb,be4604a7,B,20140603,5.0,
64921abc,d385341c,B,20141113,5.0,
23b706dd,9b88acc8,B,20140530,5.0,
0d47a5ae,003173af,B,20140911,5.0,
28b779e6,a60619d5,B,20140806,5.0,
399e953a,5515d6fc,B,20140908,5.0,
18c3ee60,4476169d,B,20140610,5.0,
fd72ab8f,4096b26b,B,20140910,5.0,
7e251f27,7acd228d,B,20140725,5.0,
7198caae,550b2dd5,B,20140704,5.0,
03aede14,8dec8fe5,B,20140819,5.0,
dfe25f3a,d3ab7616,B,20140619,5.0,
756d8302,f7203b09,B,20140602,5.0,
4470de22,9c428844,B,20141217,0.0,
ddd163a0,f3a30734,B,20140825,5.0,
2209ef5c,9e10b80e,B,20140606,5.0,
ceecfdb3,50e53442,B,20140606,5.0,
9ba85cdd,d07a689a,B,20140902,5.0,
d916f14d,c983b268,B,20141013,5.0,
a6761204,ff5e8131,B,20140620,5.0,
ed7dcede,a9c20395,B,20141117,5.0,
f2ef6668,96ee483d,B,20140823,5.0,
1499505a,04413866,B,20140602,5.0,
6e8ca1b0,c6ac6dca,B,20140826,5.0,
cf0a1c5c,c6508d04,B,20140828,5.0,
fe8f53d6,44f479b2,B,20150210,0.0,
cb93780b,d9358a6e,B,20140822,5.0,
74552302,7992d2c7,B,20140625,5.0,
81eab399,13a719e0,B,20140829,5.0,
8442a5df,44e83883,B,20140610,5.0,20150131
4caa7d8c,8bd4dd7f,B,20140624,5.0,
8b64c36d,614370cf,B,20140916,5.0,
b9668a5e,ede73765,B,20150227,0.0,
f8ffa5de,82849dce,B,20140617,5.0,
03d32962,18dbc508,B,20141015,5.0,
814ee7d5,60cda788,B,20140905,5.0,
45f979c2,01fa57af,B,20140909,5.0,
904319da,9638b94f,B,20140611,5.0,20150131
298ed6b8,135bd8ad,B,20140919,5.0,
5cdb30c3,487f6c8d,B,20140610,5.0,20150131
f467e9c8,152ccad4,B,20140610,5.0,
2d115ee8,84e017aa,B,20140820,5.0,
209a13ed,f217e47b,B,20140915,0.0,
df5d8175,e606649e,B,20141015,5.0,
0588c9b7,7f3998a2,B,20140609,5.0,
9cfce602,d2ae74d0,B,20140905,5.0,
d591c4dd,ce7fed26,B,20140904,5.0,
188a0a98,4a6bffaa,B,20141010,5.0,
8111582d,c12d8a63,B,20140919,5.0,
04289a58,9f5edf57,B,20140613,5.0,
c221be17,40575f2b,B,20141218,5.0,
4462300a,07757836,B,20140916,5.0,
a3d7b922,97e2f2b3,B,20141125,5.0,
28b74b05,9949d642,B,20140606,5.0,
f5ae5269,f32cc7c5,B,20141212,5.0,
5b0c5be3,ac7838b1,B,20141022,5.0,
52c0d855,0e497a02,B,20141212,5.0,
a0092112,73452a9c,B,20150103,5.0,
0e7292f3,12b0f611,B,20140923,5.0,
33c114ba,f11f7763,B,20141201,5.0,
ea515516,117ab700,B,20141003,5.0,
5e8c0f11,dbba9f6e,B,20140604,5.0,
080fa3f2,48d36023,B,20141120,5.0,
71aa16a9,2361c671,B,20150312,0.0,
2f61f967,a7bfa9ef,B,20141008,5.0,
004be95a,21d3fdbd,B,20150120,0.0,
cc29a262,043dcf5f,B,20141008,5.0,
4a30e494,31e2cc02,B,20140609,5.0,
836901ea,b78895d7,B,20141218,5.0,
3faf67a2,59b0887a,B,20140901,5.0,
d4bcff0a,8af68848,B,20140905,5.0,
64ac4732,e3a7bce7,B,20140904,0.0,
1ea6ddf9,9ae285a5,B,20140916,5.0,
2c6fbd10,884bb040,B,20140916,5.0,
369a2466,d7d45ef2,B,20140915,5.0,
efe96d89,4686f7e0,B,20140916,5.0,
f4fc9bda,0e8ac4d7,B,20150129,5.0,
6d59cbfd,bd8e44d0,B,20141021,5.0,
6eb9e7d9,c4b0539a,B,20150304,0.0,
6ea025d6,0f19e928,B,20141009,5.0,
88d0c5c5,84b34017,B,20140721,5.0,
06aa1953,ca2d1227,B,20140917,5.0,
753a5576,8ff2a12a,B,20141124,10.0,
6df16aca,b9e371d9,B,20140618,5.0,
47947d16,4be637bb,B,20141107,5.0,
5ccbd69d,5fcb8229,B,20141029,5.0,
cd1703ae,966d6f19,B,20141120,5.0,
83bf3b19,2605c2f0,B,20140808,5.0,
2922e487,033d41d1,B,20140715,5.0,
198e5d14,10e46872,B,20140909,5.0,
1fa73682,72bcd7a1,B,20140929,5.0,
3ebb34c6,dff00665,B,20141004,5.0,
9be3127e,1776f68a,B,20141218,0.0,
40af2206,cfbce5aa,B,20140808,5.0,
e7f335d5,a73f0dcb,B,20141030,0.0,
9ed99c3f,53572612,B,20140825,5.0,
3c224771,45f9d5ee,B,20141113,5.0,
fbd6f52f,776f9dc4,B,20141017,5.0,
2052aade,0afc4585,B,20141006,5.0,
f4d84dd0,71148971,B,20141030,5.0,
1f975143,e1154a90,B,20141016,5.0,
16e28894,e4014786,B,20140903,5.0,
0fd2b71d,76d677df,B,20141029,5.0,
2479c106,5964ae31,B,20140903,5.0,
44dbac94,69b07b82,B,20141027,5.0,
1e6ee14e,5a928993,B,20140826,5.0,
288d5b00,ca930dba,B,20150102,5.0,
4ffd5d92,c60d9c43,B,20141106,5.0,
da1ad631,5a341cb6,B,20140812,5.0,
f1781b72,3fe303ec,B,20141030,5.0,
44fe6e95,0bf626e0,B,20141106,5.0,
564b38ec,cb84518a,B,20141013,5.0,
f47856b7,c5e7decd,B,20141114,5.0,
57589a88,0878d92c,B,20140901,5.0,
ffa363b3,71aff056,B,20140811,10.0,
db613a4e,d571c7bc,B,20140923,5.0,
d7a2a6f2,6f3d4cea,B,20141031,5.0,
e41488be,570e380c,B,20141009,5.0,
24bc9f0a,fc42028d,B,20141023,5.0,
ddc84f02,07cce8a4,B,20141204,5.0,
de8564e2,30a1cfa3,B,20141119,5.0,
424f4a46,5a4a50ae,B,20141021,10.0,
19ae9666,d38ea69a,B,20140926,5.0,
22a0d06e,a2be0630,B,20150206,0.0,
1448fbb6,f3d3eb8a,B,20150109,5.0,
5ed6219e,165362eb,B,20141203,5.0,
775f21f1,c7a12ddd,B,20150103,5.0,
a02319c1,04e850f2,B,20141113,5.0,
6b04bbbb,4cf89386,B,20141202,5.0,
c0ba32e2,24586c0c,B,20141217,5.0,
f1d08a6c,333ce2e1,B,20140930,5.0,
6001928d,f6ed0053,B,20141014,0.0,
2fca85cc,5c0ed83e,B,20141212,5.0,
e0c629c4,0f7f5900,B,20141010,5.0,
4a5d59db,638505b1,B,20141022,5.0,
542fe004,3f5ccb75,B,20141202,5.0,
0154a4f7,b367d717,B,20141014,5.0,
3c44f2e7,b3602e8a,B,20140926,5.0,
b0c922d6,7ead10d5,B,20141017,5.0,
e052fb4c,01bc1e01,B,20141013,5.0,
09d2aede,609b86eb,B,20140930,5.0,
157dfc84,a11478a9,B,20141121,5.0,
c3443549,c85a02de,B,20141006,5.0,
25292bbb,3f115dd9,B,20141016,0.0,
c9065e34,770806ae,B,20141125,5.0,
cf8dfa74,0fbab6ca,B,20141124,5.0,
4d45b730,49638992,B,20150114,10.0,
9a9f6124,d0a1a5d0,B,20141126,5.0,
e6a82ce4,c8eef9b2,B,20141127,0.0,
d221572e,cd64ee5f,B,20141020,5.0,
81490c62,b02c1d64,B,20141009,5.0,
81d1d990,a060a53a,B,20141216,5.0,
56fbf2bc,0027968d,B,20150115,5.0,
1189e16b,dd2a44d7,B,20140908,5.0,
fd21344e,afa150a0,B,20140913,5.0,
217aebc9,51a95dee,B,20140731,5.0,
6aca61c9,c745a143,B,20141112,5.0,
14c549cc,d3830194,B,20140924,5.0,
39490de8,b88cc442,B,20150506,0.0,
bf5e20f1,9851f032,B,20141230,5.0,
404e3048,206d7ddf,B,20140818,5.0,
11fcd7a5,b3117ee4,B,20150123,5.0,
be879e7b,59697d24,B,20141120,5.0,
3fec5883,935bc4db,B,20140815,5.0,
9320efcf,f52334c7,B,20150129,5.0,
375702f8,d7661a66,B,20140729,0.0,
ec8c9f26,2c073426,B,20141005,5.0,
c93154d5,1e3ad737,B,20141118,5.0,
f6ad1757,d5f4b596,B,20141127,5.0,
d4e50a20,42fcd7c8,B,20140909,5.0,
9400aac5,ffb370c5,B,20140916,0.0,
b87b3577,163ac7a9,B,20140915,5.0,
c28560b2,302afd57,B,20141120,5.0,
c4fd3052,d11f736e,B,20140919,5.0,
031eb754,89080f9d,B,20141126,5.0,
a2168614,d8ed99fc,B,20141021,5.0,
61f4a06a,842e9f6d,B,20141113,5.0,
2a064cb4,5e014d45,B,20141106,5.0,
c327eb27,9986944d,B,20141218,5.0,
03b54e9e,207ea6ac,B,20140820,5.0,
654d6d07,bfcdcbe0,B,20150118,0.0,
4309184c,1cbf571b,B,20141103,5.0,
6bea849f,529eb060,B,20141119,5.0,
cf61214a,f7f2a31f,B,20141114,5.0,
b8e42ff7,f3320961,B,20141104,5.0,
963a9359,66d69b2c,B,20141031,5.0,
cc5893d2,a0956520,B,20140904,5.0,
c1554742,362a1f5a,B,20150120,5.0,
dc20148e,f9737191,B,20141028,5.0,
9e800aea,37a5dd4b,B,20150127,5.0,
adef0abe,47a6f20a,B,20141218,0.0,
11d5ee7f,68edccb3,B,20141005,5.0,
4c5d6992,4c375cb0,B,20140903,5.0,
b8fbd01b,e7eefa6d,B,20141028,5.0,
fef61d20,740acfb5,B,20140923,5.0,
0fe57c01,061e875d,B,20140908,5.0,
2194c218,95130b11,B,20141218,5.0,
30490ce7,e18a4648,B,20141016,5.0,
6a62c533,0eb68595,B,20141022,5.0,
8face292,fbab928c,B,20140721,5.0,
1cda636a,f3f8c771,B,20150212,0.0,
7c1343f8,2d41f8e5,B,20140902,5.0,
313d45c7,c03e6605,B,20150204,0.0,
ff621899,3007316c,B,20141022,5.0,
442de393,cf69627f,B,20140827,5.0,
36da8940,f204e83c,B,20141204,5.0,
b60edd61,c9676a1a,B,20141126,5.0,
735a13fc,125ee7f6,B,20141012,5.0,
26964c93,1c13e34b,B,20140820,5.0,
0679ace0,5ae155fa,B,20141112,5.0,
7071e295,097c4778,B,20141024,5.0,
7bd3f921,fc11d11e,B,20140901,0.0,
91a476e9,f3c2411b,B,20140903,5.0,
8cd6d6e7,536183b6,B,20141027,5.0,
cdf39326,33747944,B,20141212,5.0,
5958cc7d,d50b03bb,B,20140901,5.0,
4c67fb7b,38c7c07c,B,20140827,5.0,
bef53d3f,2a52dda9,B,20140828,5.0,
0dafe632,4bc8f55b,B,20141016,5.0,
2975bd8e,5529bbd5,B,20141014,5.0,
5180808f,2cdfe13f,B,20141021,5.0,
b6a3819e,31f1c26a,B,20150114,5.0,
1d6ef3f0,5d342bf5,B,20140923,5.0,
be887340,87146aa1,B,20141016,5.0,
15a4d6cf,55a66c33,B,20141111,5.0,
ba82c389,224b0015,B,20141225,5.0,
66424988,f3542887,B,20150115,5.0,
6fd0c9e3,1ed5890f,B,20150108,5.0,
9446f109,57a7d442,B,20141010,5.0,
4c411080,61227b65,B,20141014,5.0,
dd5c50ce,0d32f5fe,B,20141030,5.0,
9847354e,c46af066,B,20150122,5.0,
0f9e8d7b,c89a230e,B,20141212,5.0,
e477fbbf,bf700ae5,B,20141016,5.0,
3201af6d,be2ca619,B,20141112,5.0,
8f7d7be9,3d8e0b4b,B,20141112,5.0,
1162c66d,5f024049,B,20150109,5.0,
d1210819,c092a3c7,B,20141223,5.0,
9c3dd888,116771c8,B,20141103,5.0,
39093b89,5e33085c,B,20141017,5.0,
7ef847ac,d57a44e5,B,20141216,0.0,
83c1ea59,ff18a99d,B,20141021,5.0,
c7252fd2,46716b1e,B,20150117,5.0,
77464da6,a28f41a0,B,20150115,5.0,
d3cb08fe,00c0ccee,B,20140924,5.0,
13b2486b,1c7ffe75,B,20141107,5.0,
1d4669ec,ee1a6f88,B,20141203,5.0,
9c7bb150,6282376d,B,20141126,5.0,
aca0ff4c,ab1da190,B,20141107,5.0,
c9311897,6f6447c9,B,20141121,5.0,
652812fb,5350c042,B,20140917,5.0,
0b7b0601,76832866,B,20141029,0.0,
80ca07b8,d3b7902d,B,20140829,5.0,
54fb8903,fd81b1f0,B,20141007,5.0,
49c55d26,6b48fe28,B,20140930,5.0,
4b2c7ea1,ecfd3564,B,20141015,0.0,
d7dcef2a,1f3445a9,B,20141106,5.0,
4f58d0fc,96ba1e4f,B,20140829,5.0,
a5d4122d,0c430960,B,20141029,5.0,
c3a746e1,5424db1a,B,20141221,0.0,
3e9aa836,24afa5ef,B,20141117,5.0,
6f1994fc,a5b3b688,B,20141211,5.0,
e08ca3ed,bc244638,B,20141118,5.0,
4a9c6ad7,bef33734,B,20140901,5.0,
5e7c49ca,4df33060,B,20141119,5.0,
0fbb1bbf,bd5c261c,B,20140911,5.0,
772e1e0c,18b5edbb,B,20141222,0.0,
e076b902,bed78300,B,20141104,5.0,
259d0b8c,e322b3ad,B,20141015,5.0,
0356daf6,a46451b2,B,20141119,5.0,
7a575246,aa66840b,B,20141030,5.0,
7d89dfdc,0ef68bc9,B,20141119,0.0,
4929f561,c8921f72,B,20141101,5.0,
60244005,c09cadf4,B,20140923,5.0,
c777849a,e6059eab,B,20141202,5.0,
a2e43a9f,edaba60e,B,20141128,0.0,
9aa2b772,8c8137fc,B,20141028,5.0,
0c9c1f29,8ff83c0a,B,20141209,5.0,
6fbc6d56,838f8a68,B,20140915,5.0,
331a5ede,ab678d21,B,20141218,5.0,
1d6b2a2c,769bc5ae,B,20141209,5.0,
fbed3fd8,86c4830d,B,20141209,5.0,
bab3c7f8,fb2ad84f,B,20150205,0.0,
8206de08,5a7d2c94,B,20141104,5.0,
6d419da9,366f6142,B,20141017,5.0,
b61f102e,038d53e5,B,20150113,5.0,
cd6b7d1d,030818a8,B,20141202,5.0,
e31bafc2,daaa8fbe,B,20141103,5.0,
60467060,b1829a90,B,20141204,5.0,
080b0e75,b211f5d8,B,20140920,5.0,
c5786bdd,07045e35,B,20141007,5.0,
36a1d2f6,ab8f0b6b,B,20141016,5.0,
e61df269,78c412ff,B,20141104,5.0,
1b455839,178c038a,B,20141020,0.0,
41e06273,1f4bb983,B,20141218,5.0,
9884faa1,224bb693,B,20141211,5.0,
57312a4f,96b62e1c,B,20140924,5.0,
68fea0f8,3f9daea6,B,20141215,5.0,
c40bd03e,74492a60,B,20140918,5.0,
fc958733,d914c332,B,20141203,5.0,
7f55be07,e7f23da7,B,20141029,5.0,
6ea3f727,0d3839be,B,20141204,5.0,
a3036912,c214a744,B,20151102,10.0,
6493872f,a24a0441,B,20141022,5.0,
cd149f28,fd9d1337,B,20140929,5.0,
88326dc4,9ff2b246,B,20141003,5.0,
b8289b24,945eaece,B,20141030,0.0,
f274dd45,fc9b3f56,B,20141009,5.0,
b6565e10,b981ab72,B,20150120,5.0,
74415ea4,07ceb532,B,20140819,5.0,
73276506,efa63cb6,B,20141210,0.0,
14e2f030,0ff12de7,B,20140815,5.0,
7ff49f8e,082f5dbc,B,20141118,5.0,
aa41d347,dcf9827e,B,20141129,5.0,
d7d711e8,d13a4c3d,B,20141112,5.0,
f7fe1751,757ae06a,B,20141021,5.0,
7e39d693,d0bcd110,B,20141010,5.0,
8fda3a81,0ae65500,B,20140819,5.0,
d47a6cff,ec863504,B,20140818,5.0,
b2dbf089,dadd8ba1,B,20141118,5.0,
c93556d3,f52a6d4f,B,20141126,5.0,
612dd61c,043b1f7e,B,20141008,5.0,
fe52a4cd,5322bfee,B,20141002,5.0,
f993c6fe,5468d58f,B,20141117,5.0,
a9afed60,fded8203,B,20141121,5.0,
5197ca54,35e4792b,B,20141222,5.0,
ecad0af0,b1741a2f,B,20141001,5.0,
4cab655f,ca0e7327,B,20141018,5.0,
a3f7164a,66c4f45a,B,20150120,5.0,
761a3f09,6f52380d,B,20141119,5.0,
ceb83ab2,5e5cda18,B,20141204,5.0,
61605169,2f80594c,B,20141023,5.0,
57213420,efaf53c6,B,20141124,5.0,
e4cfcc41,722d0460,B,20141003,5.0,
947a10cd,d81ff81b,B,20141016,0.0,
f10897f5,b4f65c82,B,20141002,5.0,
2f00e0a8,d37acd03,B,20141017,5.0,
a6284c51,92fac7d9,B,20141019,10.0,
a1fdd2e3,e8d46932,B,20141218,5.0,
d8862fe9,ccfb6c54,B,20141002,5.0,
e930eecc,175c8690,B,20141007,5.0,
f947e8c6,7941e13c,B,20141217,5.0,
5c9da2bb,afd1ea03,B,20141021,5.0,
fd449f00,24c5b2d9,B,20141006,5.0,
7679d412,8468f333,B,20141208,5.0,
f7fc8948,af72d7f0,B,20150116,5.0,
82d4f38b,3e7b8c35,B,20141016,5.0,
8aa795fb,6cfdcbde,B,20141126,5.0,
c47b5fbf,e0371293,B,20140902,5.0,
b58a9cfd,b628e1f4,B,20140910,5.0,
234aac72,05d98be2,B,20140805,5.0,
3f42af2e,fb9226e3,B,20140825,5.0,
8f0e5a0e,92561694,B,20140806,5.0,
a9b5daf6,15120b13,B,20141212,5.0,
be370ef4,b07c8229,B,20150110,5.0,
1b8eef3b,e3ec034d,B,20141215,5.0,
3d33e75a,0bb6f41f,B,20140923,5.0,
d9b7a8e4,07b33187,B,20141010,5.0,
cb6a0b69,a7b404aa,B,20141018,5.0,
79a58c07,45ebc835,B,20140925,5.0,
258ac2a5,86b6157c,B,20141217,5.0,
22877a5e,20393c67,B,20140825,5.0,
2267b2ad,21822450,B,20140805,5.0,
665b4763,45714258,B,20141220,5.0,
ff416479,91076413,B,20141016,5.0,
81ae1196,1389a084,B,20140821,5.0,
82fccdfe,5eeadf1f,B,20141112,5.0,
d1d83ce1,84f56f0d,B,20141231,5.0,
fba24881,b0fa6b59,B,20150114,5.0,
72b1b865,d7e42b5b,B,20150108,0.0,
566a9c28,dabdcd2f,B,20140822,5.0,
d53597c8,3c9b1f0d,B,20140925,5.0,
b1ba172c,33857ce1,B,20141218,5.0,
2ee18e90,864bf6c3,B,20140807,5.0,
a6196801,f724fe8d,B,20141224,5.0,
670f9a5a,567b8261,B,20140828,5.0,
fbe14af4,49f86c44,B,20140919,5.0,
a977086d,e84d1bb8,B,20141201,5.0,
2fccf392,ad2bb2c0,B,20140820,5.0,
30355313,661da1ad,B,20141014,0.0,
f752e40c,f7507246,B,20141130,5.0,
ebfaeed4,77906bbc,B,20150220,0.0,
f16fe22c,7d722995,B,20141025,5.0,
18b63055,5c582661,B,20141222,0.0,
dcda49db,c58a8612,B,20140820,5.0,
7cb6043f,8ca35d7a,B,20140924,5.0,
e2bd5c64,879c0663,B,20140731,5.0,
63b83b52,8a07109f,B,20141219,5.0,
579de4d3,c972f84d,B,20140806,5.0,
c0093799,6ab237b5,B,20140903,5.0,
5f463f30,020c3f26,B,20140915,5.0,
31d8d672,6afede85,B,20140809,5.0,
b2ab087f,fab7d332,B,20150113,0.0,
add94ddc,d0eaf717,B,20140923,5.0,
c03b00ef,f35b9990,B,20141204,10.0,
bf04718e,02b3615b,B,20141022,5.0,
846e52bf,bfbeac7c,B,20141020,5.0,
8eb0b495,2e8ea993,B,20140929,5.0,
f65b53cc,380685bc,B,20141014,5.0,
e82e986b,2fb79c0f,B,20141106,5.0,
260fd458,0b083e28,B,20140905,5.0,
12585a37,df44d8b8,B,20141027,5.0,
dd7d94dc,4f440d97,B,20141212,0.0,
9cf35213,1e8c96eb,B,20150113,0.0,
6ec7d8f5,bd3a689e,B,20141028,5.0,
eff7460b,71aaec3e,B,20140730,5.0,
5194afbd,04eb380d,B,20141017,5.0,
08d706b6,0c2c1bc4,B,20140930,5.0,
fa2e61c5,d5b46330,B,20140904,5.0,
a7b64427,74872630,B,20141224,5.0,
6d86a496,a47a0756,B,20141025,5.0,
5b3eb061,ad91898d,B,20140909,0.0,
473f60f9,7fb87423,B,20141112,5.0,
056a9601,6d757fb1,B,20140919,5.0,
554d6ca8,42eac4ed,B,20141114,5.0,
8e5bed58,fd65681c,B,20141001,5.0,
0e57f7dc,c702c466,B,20141121,5.0,
16490d31,0d2b92d0,B,20140924,5.0,
665d3227,0ed98454,B,20141103,5.0,
37c9c731,b8d328b1,B,20141103,5.0,
ba944ede,10bf0596,B,20141002,5.0,
01810afa,37dc51c3,B,20141011,5.0,
2bce3d63,b212d512,B,20140822,0.0,
0b545243,19d307d1,B,20141128,5.0,
b7011e0a,bdf25cc2,B,20141008,5.0,
0eed394f,97ae1da8,B,20141211,5.0,
b6f384b3,82adbfa4,B,20140930,5.0,
0064af54,12efd04a,B,20141128,0.0,
86a4a953,15c41cb0,B,20140929,5.0,
49ebf4ad,8155179a,B,20141111,5.0,
eefb0df6,206f1faa,B,20141022,5.0,
1f6ab9d2,1f8cdbef,B,20150220,0.0,
b557fee4,cef81c27,B,20141005,5.0,
771ddaea,6ded52ee,B,20141016,5.0,
269cbf8a,bd1ae2ab,B,20150213,0.0,
1df7dbc5,61486010,B,20141222,0.0,
c6019546,25a92ce5,B,20140925,5.0,
3dc06c9c,218cbcb2,B,20141013,5.0,
af749d16,4b32352c,B,20140912,5.0,
3aab8f1e,1e78c063,B,20141003,5.0,
e6d7cbd2,04f8e4e1,B,20141014,5.0,
5bf8a827,8f370e8b,B,20141009,5.0,
9d720637,b58a7070,B,20140912,5.0,
e11ea1c3,1077acc9,B,20140912,5.0,
c299b9ea,55fd5d16,B,20140820,5.0,
e1de62a7,4ee84c32,B,20141215,5.0,
fe4d094d,1ed66aff,B,20140821,5.0,
dac5d187,fc3dd83d,B,20141201,5.0,
8ef6fcea,d4d06ae1,B,20141013,0.0,
02cea4ab,5de3cf1d,B,20140820,5.0,
5e3a46aa,9f2bc308,B,20141125,5.0,
ab8df244,ff592689,B,20140820,5.0,
564b442a,f59c3865,B,20140821,5.0,
5bd8e933,f026e563,B,20141010,5.0,
cb676125,94bc4089,B,20140724,5.0,
27a9c005,07e22166,B,20141104,5.0,
8b689c66,78735237,B,20141027,5.0,
a20aa5b1,671b4f2b,B,20141205,5.0,
f112b42a,060164da,B,20141031,5.0,
14f963ee,3dc49109,B,20140912,5.0,
bbdbdb43,dc66e7a2,B,20150216,0.0,
e3f5fe8d,8062d32a,B,20140822,5.0,
a1d8655c,6c1fbc73,B,20150119,5.0,
30b54331,ac0a15e4,B,20141118,5.0,
047e561b,379a604f,B,20141017,5.0,
30793955,c50076d9,B,20141029,5.0,
3d1c4ee1,60ec3362,B,20141126,5.0,
b4841b63,0e2d0454,B,20141013,5.0,
ec7dfe4e,6a13088f,B,20150128,0.0,
4bd4de1f,30b62990,B,20140723,5.0,
b90446bb,31abb010,B,20141118,5.0,
f589447e,135c6f3f,B,20141128,5.0,
27d7cc0a,8d95239f,B,20141010,0.0,
af118a5e,a66c4616,B,20141103,5.0,
51e98eb2,d5d3257a,B,20141028,5.0,
4bd1155a,72624b41,B,20150331,0.0,
051dbcef,aca19b00,B,20141017,5.0,
2cfdfd09,bae462cc,B,20141021,5.0,
1f85e5bf,868bc206,B,20141203,5.0,
bb1e388a,3307c1fd,B,20140822,5.0,
02e057b4,af47adaf,B,20141203,5.0,
a3b5ff34,b58f0478,B,20140918,5.0,
937cf0af,01752969,B,20140806,5.0,
baa33b0b,6a0d13d3,B,20140826,5.0,
11f28bb5,5374ff1c,B,20141104,0.0,
e81998dc,6f4aa4cc,B,20141030,5.0,
30fc22ee,1b682e90,B,20140917,5.0,
5063099d,07d3094d,B,20141017,5.0,
66578cda,a4b05365,B,20141030,5.0,
56588275,7cb76656,B,20141212,5.0,
3f560f5c,192c2244,B,20141120,5.0,
462ddb64,7d0a958d,B,20140805,5.0,
ed707c9c,ae8feb87,B,20141210,5.0,
5d17482a,668c8964,B,20141010,5.0,
cd6dde9b,b0cf5bc5,B,20140724,5.0,
cea7d906,28baaceb,B,20141031,5.0,
ddcab498,29aea8ac,B,20140918,0.0,
498fcc19,9a56a29b,B,20141217,5.0,
67cd05f6,d01b7cbf,B,20150112,5.0,
17a9fdff,34aadf3b,B,20140814,5.0,
6b8c8bb9,33d43e9f,B,20140804,5.0,
cc67e6f7,9f344b90,B,20150228,0.0,
e5b1bea8,c4092010,B,20141023,5.0,
4bd17a7a,953e43ef,B,20150112,5.0,
9a0ef3d1,f29b3ecd,B,20141107,5.0,
bcc3bb2d,4d264204,B,20150211,0.0,
3382f02d,e6164cea,B,20141127,5.0,
226bfc4b,7bfb0291,B,20141030,5.0,
b4bf77d6,7dd87c1e,B,20141217,5.0,
1fd394b4,8becd24f,B,20141023,5.0,
4640bcf3,b4c66506,B,20141124,5.0,
f771ff1a,a75f8dbb,B,20141210,5.0,
19800361,bfad3ce1,B,20150203,0.0,
f26c0fef,593747de,B,20150311,0.0,
b0aae48a,d6ac8c9b,B,20141127,5.0,
b2af7fd7,6ae9a8ba,B,20140923,5.0,
a6cd1abc,9f246c71,B,20141108,5.0,
2ffa4792,bd5e4f8c,B,20141027,5.0,
4f94f29f,afc0e1e5,B,20140910,5.0,
2ee71d46,4a8374e9,B,20140908,5.0,
7d00fc3a,7612660c,B,20141203,5.0,
f839b456,3dece702,B,20141217,5.0,
680d95a7,ecf05b71,B,20140904,5.0,
d9473f04,3bed5e17,B,20141202,5.0,
bffe39da,83a28dc8,B,20141104,5.0,
a8e0be14,03b1205c,B,20141111,5.0,
378a9d05,15d0aa7e,B,20141107,5.0,
80087e5c,f320af6d,B,20141027,5.0,
c886e1dc,a7922be5,B,20141022,5.0,
aaaaf745,52a77810,B,20141028,5.0,
96283034,ebedb24d,B,20140808,5.0,
1709d7ce,e95b7239,B,20141112,5.0,
88a30b9e,580e4b1b,B,20150120,0.0,
1a8616d9,193186e9,B,20140908,0.0,
2628c025,b404e878,B,20140825,5.0,
4e61a5e7,a19e12b7,B,20141111,5.0,
8631b2af,e1233863,B,20140911,0.0,
bfde0b8b,9f744fb4,B,20150123,5.0,
8449f2a2,6e1069d6,B,20141022,5.0,
0f88bf75,284aeca1,B,20141107,5.0,
535bb62d,a214ca83,B,20140910,5.0,
dfcb243a,89548ce9,B,20141017,5.0,
85f3c730,4c49b6e3,B,20141021,5.0,
b160a361,0c0d72f9,B,20140822,5.0,
b5aa9c23,327f616b,B,20150121,5.0,
5cbb1997,4e04fa10,B,20150123,5.0,
fd2b36ff,b9154179,B,20150119,5.0,
194cfaa1,4b1e2104,B,20140914,5.0,
908a6673,c60bc90f,B,20141010,5.0,
35de2ae3,f2630cb0,B,20141014,5.0,
3bbb5639,c6747553,B,20140915,5.0,
ffc1b510,30a5bdb8,B,20150106,0.0,
1868e619,77e0b00b,B,20140903,5.0,
23f99627,394e24f7,B,20141013,5.0,
16455896,2c6d69ee,B,20140929,5.0,
cb2a93db,8a68c265,B,20141029,5.0,
82f4e03a,fca4b237,B,20140908,5.0,
e320dc7d,bd03fc23,B,20140611,5.0,
66d0d2ad,80d182c1,B,20141106,5.0,
c2e0c2f4,0654db6a,B,20140908,5.0,
b84e1938,7a9d6c1d,B,20141107,5.0,
0758bd57,c74c7cdc,B,20141024,5.0,
64762d06,079c9345,B,20141026,5.0,
3b20ca56,9b0e7b4c,B,20150106,5.0,
77a612bd,ba15bb22,B,20140611,5.0,
fb101df5,74bbb02e,B,20140914,0.0,
eb9a901f,d28f1327,B,20141111,5.0,20160215
637ea376,fbcca88b,B,20150114,0.0,
6972eb8f,6c49d090,B,20140704,5.0,
120803b4,7ab6fb98,B,20150304,0.0,
7ad89c4e,b45ec16c,B,20150317,0.0,
e07ba6c6,e074f0e5,B,20150224,0.0,
555b168b,393c6523,B,20150312,0.0,
d1bdfebc,1450a74c,B,20150311,0.0,
443f0bb5,14e53d9e,B,20150311,0.0,
33071d1a,c228ed5f,B,20150221,0.0,
a0e9aa80,08ffb62a,B,20150325,0.0,
4ac46226,41933d16,B,20150305,0.0,
e4f78b2b,d2d7b61b,B,20150211,0.0,
ad72461e,70c00aaa,B,20150313,0.0,
f09a1c73,fac650f7,B,20140925,0.0,
1522fab5,3bb9aa41,B,20150223,0.0,
f1e28c32,3282759a,B,20150217,0.0,
b41daecc,68e78165,B,20150218,0.0,
1c235583,dc03589c,B,20150209,0.0,
58a42c69,12807f37,B,20150218,0.0,
3ded58e1,c50ce9d5,B,20150209,0.0,
6ccb211a,cd158e9f,B,20150316,0.0,
180e5a92,a090a180,B,20150317,0.0,
ed179f0d,2daa12c9,B,20150226,0.0,
79e043cc,243e40b4,B,20150310,0.0,
d4e9113c,c1a3eada,B,20150415,0.0,
e2b59cb9,ef4933e3,B,20140924,5.0,
fc1e6a0b,04034052,B,20150303,0.0,20150401
260baca2,a50d5a91,B,20150216,0.0,
ff5b097f,20e9edea,B,20150226,0.0,
d402b5b5,f824c33b,B,20150202,5.0,
fc0e4b56,39a6758e,B,20150217,0.0,
d1430fbe,194989ee,B,20150225,10.0,
8a6e1ad5,861d8482,B,20150408,0.0,
4848e054,06f564fd,B,20150623,0.0,
083746d5,e3d0845a,B,20150206,0.0,
c1b5d7ca,d46f3cb4,B,20150305,0.0,
abf85ec0,8cb89c28,B,20150225,10.0,
044f53d1,07cc61da,B,20150310,0.0,
4ec92383,7e86e572,B,20150311,0.0,
7a18097f,625ad826,B,20150416,0.0,
339972ff,7c86fc06,B,20150227,0.0,20150410
db288040,e749025f,B,20150318,0.0,
830051ff,7e329591,B,20150224,0.0,
0a5ac3aa,4f153f8c,B,20150216,0.0,
3e0527b5,b1cfb8ee,B,20150227,0.0,
a4de9321,8ea01846,B,20140812,5.0,
5366bfd7,ae21ad09,B,20150218,0.0,
aabc6889,9714331a,B,20150302,0.0,
ee9643f0,5cdd5e34,B,20150227,0.0,
a56aa478,79faea0f,B,20150515,0.0,
60bf2aef,2dc017cb,B,20150227,10.0,
2520b336,433fa562,B,20150305,0.0,
ee7575ed,23c90d42,B,20141022,5.0,
d48a9a02,fa7cd1e1,B,20150227,0.0,
39ae43dc,fbdc7bb4,B,20150206,0.0,
ccfa2ba5,a7c3b407,B,20150218,0.0,
f45a3abf,6183f499,B,20150612,10.0,
12bdc0fb,9936dcd9,B,20150225,0.0,
39104a6a,fb49359a,B,20150213,0.0,
566b3a01,b4758fd6,B,20150221,10.0,
af6a1f2c,7a98e472,B,20140808,5.0,
c7a1c658,8121ac80,B,20150218,0.0,
3475906f,08886006,B,20150310,0.0,
f379cfda,b259bfc2,B,20150320,0.0,
fe999856,031b550b,B,20150407,0.0,
bec2bac6,6e0b5add,B,20150417,0.0,
42eea872,37692e2a,B,20150409,0.0,
193aa7f6,6b9b55fb,B,20150407,0.0,
390b4faf,812be617,B,20150223,0.0,
dfff4893,2baa1eb9,B,20150225,10.0,
ed266ae9,cdf46f47,B,20150303,0.0,
bf6ac306,efe83741,B,20150309,0.0,
1fe48ec6,1fa82001,B,20150324,0.0,
50c50dbc,0a0146e0,B,20150225,0.0,
5a6ad377,6260e7de,B,20150304,0.0,
4768bcee,fc21c382,B,20150318,0.0,
a2445ced,4802cff8,B,20150304,0.0,
544e865d,55a06bff,B,20150225,0.0,
53c807bf,dcf4bdfe,B,20150220,10.0,
a6cdca82,80187ac5,B,20150324,0.0,
f2bd19bb,8711cd01,B,20150311,0.0,
fc1affc9,daf7cf29,B,20150223,0.0,
65442f23,d76aadea,B,20150319,0.0,
37d365eb,083dbb49,B,20150420,0.0,
f02e69a9,4088923f,B,20150227,0.0,
f096863c,8357c790,B,20150226,10.0,
eecfe128,4e45f341,B,20150218,0.0,
718da0ca,c87034ce,B,20150320,0.0,
bcea6339,1d4d279c,B,20150225,0.0,
92348a02,f7ae488a,B,20150319,0.0,
bfcd6226,034d5985,B,20150220,0.0,
04eb3e97,19a760ca,B,20150209,10.0,
520b1994,67d6228d,B,20150218,0.0,
15c1f929,9864b672,B,20150313,0.0,
7fc082bb,df003abf,B,20150526,0.0,
e262d971,6a74d155,B,20150210,0.0,
38a1071b,bb28d55b,B,20150515,0.0,
4ccfcbc9,fc73579f,B,20150304,0.0,
657c1fdc,50c8b5ca,B,20150416,0.0,
abea5b8b,52e9a225,B,20150608,10.0,
e9dcacf3,b51afb42,B,20150223,0.0,
5a8c5dad,5dabda61,B,20150511,0.0,
af3d6084,a63e1fe4,B,20150603,10.0,
74c77a66,b4b7e7b7,B,20150220,0.0,
9a8b7ad3,60fc4549,B,20150625,10.0,
0f5213c4,c6b1cd89,B,20150519,0.0,
8535e3f7,7d12fefb,B,20150228,0.0,
d3ee8730,dd596b7e,B,20150514,0.0,
b02b09a7,0eb9282c,B,20150513,0.0,
f94b7812,766f26e9,B,20150603,0.0,
7f19280e,dc7d203a,B,20150423,0.0,
80dcb947,a55a8eb4,B,20150425,0.0,
a6245558,aa551adc,B,20150504,0.0,
55a15120,bd29924a,B,20150513,0.0,
b8c454a5,7cbe7dd7,B,20150222,0.0,
a5e6fd96,1cb60ab1,B,20150515,0.0,
dcc3a4cb,c0057803,B,20150227,0.0,
15c2467e,ed60cb72,B,20150323,0.0,
555a72d8,35edf391,B,20150429,0.0,
76abf38e,43a487c0,B,20150311,0.0,
f6b58c9b,d672263c,B,20150427,0.0,
42254ced,b06a50a3,B,20150223,0.0,
fa518e76,2a75a034,B,20150506,0.0,
2388b356,ccface5f,B,20150218,10.0,
caf1a696,59da26e6,B,20150219,0.0,
dab89757,233b14b9,B,20150507,10.0,
2819e8ae,e75edecf,B,20150512,0.0,
72133466,ae3b16be,B,20150422,0.0,
329bdc2e,af4507d1,B,20150505,0.0,
0838e8ff,e38b6c7a,B,20150414,0.0,
d00a4fc9,fe7ad560,B,20150612,10.0,
3d8a1b08,94400c92,B,20150506,0.0,
42cd1970,eae1c15b,B,20150428,0.0,
f4e8fca5,e7a58d14,B,20150506,0.0,
10518a8d,e31d30c0,B,20150513,0.0,
b21aa14e,f4b77ab2,B,20150505,0.0,
fcac347d,0d0cf218,B,20150408,0.0,
f9ab8cef,1a6e3ea9,B,20150511,0.0,
077c6c1d,fb4c6995,B,20150430,0.0,
a31edd95,795d9ec9,B,20150422,0.0,
0bb39986,a5fe7962,B,20150409,0.0,
6826ced5,2dba67e4,B,20150423,10.0,
c9283773,d21857f2,B,20150511,0.0,
486069cf,927bbbd3,B,20150508,0.0,
9b06cf77,29f34a63,B,20150326,0.0,
02226664,8697edbe,B,20150522,0.0,
4c8f894d,f355f3d7,B,20150408,0.0,
25aa3ec6,646701a4,B,20150506,0.0,
f85b870c,e7672411,B,20150708,10.0,
c5a87ee0,775b4e7d,B,20150506,0.0,
3df18f2c,6653788a,B,20150421,0.0,
6b2ce86c,c69b29b2,B,20150420,10.0,
5a5d90b2,131b084d,B,20150413,0.0,
0bdb85c6,4f216a10,B,20150324,0.0,
2a219291,997d8cf8,B,20150402,0.0,
af663eeb,e50ad319,B,20150421,0.0,
86459297,5fb25313,B,20150323,0.0,
c5cf6959,7ba2d629,B,20150415,0.0,
7c58f76b,af3f32e2,B,20150413,0.0,
7fd77bb8,6ef112be,B,20150424,10.0,
07a754f8,ad806492,B,20150413,0.0,
4b0e0745,4056e0e4,B,20150326,0.0,
cd3dc271,820b6dc9,B,20150330,10.0,
0113fc81,afa25f53,B,20150331,0.0,
ade13291,b7108359,B,20150331,0.0,
52c50ada,3106541c,B,20150331,0.0,
4aa09028,fe0faf6f,B,20150323,0.0,
78d7ca42,9ac5e356,B,20150414,10.0,
48f7e557,d8a85401,B,20150331,0.0,
2a3f6424,f03c0cc1,B,20150401,0.0,
4d5e0281,ca6c36c8,B,20150408,0.0,
951c2fc9,5696c304,B,20150331,0.0,
f2f2b1dc,00e8f53d,B,20150330,0.0,
30e16739,3d258663,B,20150331,0.0,
ee6f9323,a592cfd2,B,20150511,0.0,
47a53dcd,8f2134af,B,20150402,10.0,
3b891594,7f2e8558,B,20150318,0.0,
5df536f6,1ae27f33,B,20150514,10.0,
70988b82,4c91d64b,B,20150312,0.0,
cc78fe33,b5e8bf05,B,20150316,0.0,
d9e10ba8,140c0717,B,20150323,0.0,
3d16f856,fea02d64,B,20150312,0.0,
4820d19a,3e557291,B,20150411,0.0,
41d898bf,e24e7b7c,B,20150312,0.0,
82911edb,ada2cc00,B,20150308,0.0,
6424aebc,f72594b2,B,20150311,0.0,
50d3be7f,f2ca0613,B,20150311,0.0,
858170ce,26bd7529,B,20150423,0.0,
4906d459,6464c0a1,B,20150312,0.0,
bbfc2117,e681e5c0,B,20150316,0.0,
4afdf65f,455a6b89,B,20150312,0.0,
a1fb0c4f,8a7f3c11,B,20150317,0.0,
b501e82c,e1b92813,B,20150306,0.0,
cb244d0b,dfedece8,B,20150331,0.0,
504024fb,f99ddf58,B,20150311,0.0,
66b2c7b0,90f61036,B,20150608,10.0,
5d287e37,f2389b94,B,20150526,0.0,
792884ef,e845a95a,B,20150608,10.0,
11656467,cb0f00f2,B,20150318,0.0,
d35c876d,143a1a0e,B,20150511,0.0,
54f382fa,2291e489,B,20150616,10.0,
02027006,838d47da,B,20150629,10.0,
af121f6e,26fe5bea,B,20150313,0.0,
9b636d97,707f9917,B,20150312,0.0,
ac6f0fec,0330456f,B,20150305,0.0,
67ae476f,5949b741,B,20150513,0.0,
68ab5a41,cd3299ad,B,20150612,10.0,
cd65fbe4,85cf2386,B,20150706,10.0,
733a9c75,b0ae563c,B,20150608,10.0,
18760555,2cda9e4f,B,20150508,0.0,
a4012329,ad66a355,B,20150615,10.0,
0f8b09c2,f2ff7263,B,20150522,0.0,
40b94c86,c7d0a065,B,20150522,0.0,
1eb5581f,8041ecf9,B,20150513,0.0,
7506eb56,1f57e4d4,B,20150520,10.0,
7d9a6bc6,693ad041,B,20150612,10.0,
4989e112,7f13e5d6,B,20150511,0.0,
143db74d,069d93c5,B,20150511,0.0,
1461edaa,b1c11542,B,20150608,10.0,
40556157,efea503f,B,20150318,0.0,
147a91a9,da334148,B,20150513,0.0,
e2cfb701,e52cdf11,B,20150615,10.0,
fb77590e,672c3d12,B,20150721,10.0,
2336e2ce,271ad40a,B,20150528,0.0,
a0b1cb29,be3b782b,B,20150429,0.0,
95236fd4,3cda74f3,B,20150428,10.0,
c8d27eab,62f2a181,B,20150710,10.0,
3d3ef3d5,dc813fdf,B,20150422,0.0,
9f0d39c9,d3a852a9,B,20150512,0.0,
a8b5a15e,ca781d90,B,20150603,0.0,
b3456263,c43acac0,B,20150424,0.0,
94369f06,d263d275,B,20150504,0.0,
7a80416b,6f6d9a92,B,20150604,10.0,
c4f112a9,326bbe59,B,20150521,0.0,
5c34acca,53e88ee1,B,20150402,0.0,
0cfa2b7c,794372c9,B,20150617,10.0,
062f8921,1e94a55b,B,20150409,0.0,
a7d77d08,868e2c36,B,20150602,0.0,
96610926,6e351dff,B,20150423,0.0,
71bd2568,d7f73afa,B,20150505,0.0,
b6900edd,b7c410a0,B,20150430,10.0,
b640b91f,8496dff2,B,20150604,10.0,
6e473d3c,277ad67c,B,20150417,0.0,
66d63905,aeeac800,B,20150521,0.0,
2ac4e7a3,e837b19e,B,20150420,0.0,
42db40d1,f1d14ff3,B,20150624,10.0,
52d158be,428fd7ce,B,20150522,0.0,
f415a1c2,66691b94,B,20150522,0.0,
528adb86,27864d58,B,20150418,0.0,
add80ef3,a6209fef,B,20150415,0.0,
e1d8233e,49d6539c,B,20150420,0.0,
2bed0613,3004e92d,B,20150413,0.0,
fd8e97ac,42c56daf,B,20150318,0.0,
86638072,8bc6e520,B,20150423,10.0,
30ed35cb,15f50428,B,20150528,0.0,
ee375a52,1cd8158e,B,20150408,0.0,
528919da,8ca7c695,B,20150514,0.0,
e1d2fda0,4c38b50d,B,20150810,10.0,
47f38763,e040c1cd,B,20150514,0.0,
389a038e,4c0a2385,B,20150512,0.0,
0d2b0057,1eb681de,B,20150809,10.0,
ebf8f899,6b0f9302,B,20150413,0.0,
18ee0f69,f3bed782,B,20150618,10.0,
fec7d91b,1eb31993,B,20150618,10.0,
c4137a4d,63b87f9e,B,20150417,0.0,
b6aaf088,5619d30b,B,20150615,10.0,
ce6914de,524010bc,B,20150420,0.0,
690a61af,8e722695,B,20150724,0.0,
17c623a8,361004d6,B,20150319,0.0,
af8b9b73,a800bab8,B,20150324,0.0,
eccc332a,d491d0de,B,20150614,10.0,
e787cdb5,0e0dd21f,B,20150421,0.0,
fd66aa12,9e883a79,B,20150320,0.0,
b0a551ad,6864f688,B,20150701,10.0,
ba2f6da9,4c72e35f,B,20150609,10.0,
a480dafd,6f1410a3,B,20150324,0.0,
882fb723,5914587a,B,20150619,10.0,
62df9a93,9ecf2eda,B,20150626,10.0,
b6ea4d67,fee25bfe,B,20150605,10.0,
4973e652,a1f8b790,B,20150618,10.0,
968322b7,f10dab59,B,20150427,10.0,
774c93c8,0baadf31,B,20150331,0.0,
d07e4254,66db1b17,B,20150616,10.0,
a73b163a,3f7f5113,B,20150703,10.0,
e987f6c6,791d806c,B,20150814,10.0,
78fae0f4,408db8d4,B,20150624,10.0,
28e9141a,37840dbb,B,20150707,10.0,
6071c6ce,d1cfffcd,B,20150730,10.0,
29922b5b,c5e9149a,B,20150805,10.0,
82d4fc96,962a8a54,B,20150331,0.0,
58ae007a,63fe1325,B,20150325,0.0,
e2d02d22,0ae261be,B,20150709,10.0,
3d64883a,9c6b70c7,B,20150918,10.0,
ce8b32e1,7cfe0634,B,20150409,0.0,
5d038013,719a689c,B,20150707,10.0,
0a41e47c,e0571040,B,20150706,10.0,
2ecb8b64,2fa4ee93,B,20150618,10.0,
13e37eb5,52ea6ef6,B,20150415,0.0,
903dc30d,6e73f246,B,20150627,10.0,
3954a1ed,a1cc6614,B,20150814,10.0,
555b954c,fd30cfe9,B,20150706,10.0,
e7f6316b,23d1a216,B,20150717,0.0,
510326f7,2fe8e430,B,20150709,10.0,
fd47c5d0,dc27a320,B,20150706,10.0,
cfbbf163,bb1c8725,B,20150708,10.0,
b03609c7,7430543a,B,20150814,10.0,
a60c8a68,ad8a9cbf,B,20150408,0.0,
4186218d,e4ffaa36,B,20150910,10.0,
014c3630,d4dc9248,B,20150724,10.0,
c1d96645,beea87e1,B,20150717,10.0,
a5a37ea4,d1e8f071,B,20150709,10.0,
2d2678d9,29254710,B,20150727,10.0,
9585e639,c13472c7,B,20150812,10.0,
c0464698,58765df7,B,20150714,10.0,
29c4a6c4,a25bbc6b,B,20151009,0.0,
7a0f7903,88d70f10,B,20150326,0.0,
a2d07f99,8aa7de7b,B,20150803,10.0,
3d043616,ba8d870f,B,20150919,0.0,
fb67d81f,f69adda9,B,20150820,0.0,
c711d926,efe375aa,B,20150714,10.0,
454804d6,bc94540e,B,20150818,10.0,
77f782e1,cb9df917,B,20150721,10.0,
77b6cf60,ce1d1c9d,B,20151023,10.0,
aaf102fe,f565a511,B,20150723,10.0,
3deabf1c,471d793e,B,20150522,0.0,
973f881b,7683040c,B,20150717,0.0,
f3f3a802,72f466da,B,20150709,10.0,
8a999839,418b93ab,B,20150330,0.0,
2faa8b75,bb7a9065,B,20150710,10.0,
d7ae7fdc,e5587351,B,20150722,10.0,
e2c6c4d5,1df1af28,B,20150714,10.0,
73b7dfd3,6f5f1e2f,B,20150717,10.0,
c932b52d,ce94c9f7,B,20150811,10.0,
5d2018cf,89a8b04f,B,20150709,10.0,
6b1b45c8,ecc88069,B,20150708,10.0,
27e45d3a,1675fe50,B,20150708,10.0,
2d992f33,0558d6c6,B,20150714,10.0,
10c73d5b,02b09651,B,20150717,10.0,
51bb2617,ee0fb7bf,B,20150821,10.0,
22565894,1657ab4d,B,20150716,10.0,
cd4b4a33,239082a9,B,20150717,10.0,
0267b153,e931624e,B,20150716,10.0,
f39aceb0,bf364e6e,B,20150716,10.0,
9379b3d2,a7d13fe5,B,20150708,10.0,
8b3e82eb,8ad53719,B,20150724,0.0,
901f1174,c2b7e052,B,20150730,10.0,
8ac5d296,d8cba697,B,20150803,10.0,
40815dd4,093ad1cb,B,20150714,10.0,
484bad18,f840b07c,B,20150710,10.0,
3e9953a6,7b9f886c,B,20150708,10.0,
273b3784,f62856de,B,20150814,10.0,
12bf221d,c6f51d6a,B,20150820,10.0,
f4f08615,02cdec2a,B,20150728,10.0,
c70c9e25,0dcde7f6,B,20150721,10.0,
1a82a349,3aadc342,B,20150708,10.0,
dc03b1eb,266891f8,B,20150824,10.0,
7820b7cb,2ec4cb8c,B,20150804,10.0,
2a10d72f,2b3a48af,B,20150714,10.0,
22aab4a7,26218125,B,20150727,10.0,
cc1308ac,1248d137,B,20150814,10.0,
6058b468,21bb4205,B,20150731,10.0,
dd96a514,37bfd17d,B,20150811,10.0,
6584d04e,21e7f360,B,20150905,10.0,
dac3851e,1c0f3540,B,20150723,0.0,
acf01384,eb6ffddf,B,20150812,10.0,
524007ec,2adb7696,B,20150709,10.0,
5dc9e5a2,873e51fa,B,20150814,10.0,
c7d8e386,8e3e8a16,B,20150724,10.0,
9bf680c8,23ffdd14,B,20150806,10.0,
1774c94e,92c2bbf6,B,20150807,10.0,
dd15182a,cd904c0a,B,20150723,10.0,
f7c72b4c,645b6e68,B,20150808,10.0,
ae4ec85c,c1009a03,B,20150819,10.0,
e9d7d53d,55e6ab9a,B,20150731,10.0,
c2ef4ad6,4e91bdc9,B,20160104,10.0,
715d5c28,40cbceb7,B,20150723,10.0,
275a045c,4b64a385,B,20150810,10.0,
35dd5c76,b135f788,B,20160222,10.0,
3830accb,69bbaef2,B,20150824,10.0,
210c808f,98ddc01e,B,20150811,10.0,
531e7d47,07d90000,B,20150717,10.0,
e7604771,1c1640ea,B,20150731,10.0,
f5cd3df9,3133dc12,B,20150716,0.0,
e54562bc,77059328,B,20151006,10.0,
8fbc64cf,51d4f02f,B,20150814,0.0,
47b96133,280a0d5b,B,20150908,10.0,
186b1ad4,e79af186,B,20151009,10.0,
f52ef6d9,ca0ecac4,B,20151130,10.0,
4b19bf48,5090d62d,B,20150810,0.0,
7a9f921d,ef08c9e2,B,20150703,10.0,
141a12b0,b10dedf2,B,20150716,10.0,
532e0ea7,52c37330,B,20150730,10.0,
c5f3973b,3b36bb53,B,20160205,10.0,
79129b25,7fe02c1d,B,20150916,0.0,
d46bb90c,4c766fa7,B,20150929,10.0,
f420646d,0dfe911b,B,20151015,10.0,
885a20cf,3e0c5c3e,B,20151012,10.0,
09c7a06a,6bfccf44,B,20151005,10.0,
733ec4c0,0b03de8d,B,20151021,10.0,
29b4147f,755ae1f2,B,20151014,0.0,
0991804d,87489a41,B,20151116,10.0,
73b2b303,82ad6e03,B,20150917,10.0,
0944ca27,4db07938,B,20150928,10.0,
bd7710e4,71f9c2b9,B,20150923,10.0,
ecc92cf5,18973fa8,B,20151002,10.0,
1e1c34ba,eed37020,B,20150908,10.0,
eea12e60,9a108594,B,20151022,10.0,
32078401,81be4c39,B,20150930,10.0,
5040a6ab,3487dbd2,B,20150721,10.0,
387a0461,650b5861,B,20151009,10.0,
c752d578,9b802772,B,20151009,10.0,
e12681fc,919d3aaa,B,20151014,10.0,
8522765b,bee861d1,B,20151002,10.0,
5c3e8b9e,191cf83b,B,20151012,10.0,
7306daaa,c1444535,B,20150904,10.0,
1eeaf65b,212db679,B,20150902,10.0,
8607bb58,1d6d21d1,B,20150916,10.0,
d9aec135,2e7a8721,B,20151014,10.0,
999b4e6c,d0861524,B,20151020,10.0,
2ebef2df,f31fb1ac,B,20150915,10.0,
e0806dae,625d4631,B,20150909,10.0,
fd225eb1,82bac916,B,20150916,10.0,
aec4a651,89cd7546,B,20151125,10.0,
d6d4b051,da3b939e,B,20150723,10.0,
28204f11,84ec697b,B,20151229,10.0,
8ec4f686,d2e07cd6,B,20151230,10.0,
1cd47d3d,f864978e,B,20150824,10.0,
d9e95c51,5b8bc2f0,B,20151207,10.0,
969c48c0,33aaf2e8,B,20151005,10.0,
9421c08a,5ce7180e,B,20151001,0.0,
2e43912f,977556c8,B,20150908,10.0,
ad9171e5,8a6f9fbe,B,20151008,10.0,
504656bf,50a4e9c6,B,20151029,10.0,
0e9fc846,4a4549b1,B,20151001,10.0,
30425d71,db4a1757,B,20150907,10.0,
43cf5f36,df9d6fd4,B,20150918,10.0,
d2589edc,6a950b78,B,20160103,10.0,
53273542,9d22c760,B,20151230,10.0,
27eac9c1,63062658,B,20151013,10.0,
990b662a,5db8811f,B,20150916,10.0,
3fe684b9,f4ba70a4,B,20160218,0.0,
2d60d030,8abd99a7,B,20151202,10.0,
98d3d3a3,ebc46a07,B,20151013,10.0,
fc9904f0,5d48f323,B,20150829,10.0,
f4c72f05,b9236f58,B,20150922,0.0,
b70c2d54,185fb25f,B,20151110,10.0,
b7d72bea,0c8def73,B,20151001,10.0,
4ec6426d,d80f8796,B,20150916,10.0,
9737688e,c778e078,B,20151014,10.0,
1e02afe7,8c1ba505,B,20150826,0.0,
56d589b3,0af74de1,B,20150907,10.0,
0f06c9ee,f1c35e11,B,20150827,10.0,
301c14c4,ebb97414,B,20151230,10.0,
808b94e4,9cb88ade,B,20150923,10.0,
a8dfe70e,52e8df08,B,20150910,0.0,
1f3d20a8,b25fa6f2,B,20150903,10.0,
67ad58ba,caadf9ac,B,20151006,10.0,
bf4d1756,65268bd5,B,20150825,10.0,
24cbf75c,734ee046,B,20150820,10.0,
6a0d5a23,d9529f0f,B,20150820,10.0,
de6219bb,2ac1d875,B,20150909,10.0,
3a45cffb,182051d0,B,20151020,10.0,
b4887012,0f3019bf,B,20150828,10.0,
336ca726,2e9c7578,B,20150828,10.0,
0a7c6095,66bc79cd,B,20150814,10.0,
4263f3d2,ec861a2e,B,20150901,10.0,
8c30b354,e9fe1554,B,20150827,10.0,
d10c1168,b9a2ccda,B,20150923,10.0,
fa6e00f4,93b099aa,B,20150909,10.0,
8dcb44e3,b74f6870,B,20151026,0.0,
f4f49a6f,f7484d11,B,20160226,0.0,
0a6412fc,469c2c61,B,20151230,10.0,
4c0a065f,8eaad110,B,20151019,10.0,
13c7baad,4ea3f65a,B,20150915,10.0,
8ada6b42,7415203f,B,20151012,10.0,
83ecb1a3,88e53204,B,20150916,10.0,
428e75a1,6f003e19,B,20151230,10.0,
60f097b2,badacfbd,B,20150821,10.0,
212296d5,a6f04537,B,20150925,10.0,
d6930695,0352c147,B,20151104,10.0,
d334f0d2,ca3d4f0e,B,20150825,10.0,
ef837d96,1f80b18b,B,20151216,10.0,
db1082e4,42ab2a36,B,20151007,10.0,
4c3ee71b,9e401970,B,20150819,10.0,
dcefcc0b,8bca63f3,B,20150904,10.0,
ff5e4c74,ae42f138,B,20151006,10.0,
431afa60,55e21ccc,B,20151015,10.0,
cb9ecd7b,121e4db1,B,20150907,10.0,
8da8c7c0,08d02dac,B,20150902,10.0,
c423f749,3fa5984c,B,20150917,0.0,
0281a266,48d894b6,B,20150923,10.0,
51efd989,1f65994c,B,20151001,10.0,
3bc08276,01959c42,B,20151106,10.0,
40d557d0,384d470d,B,20150925,10.0,
062e464d,d2a4a020,B,20150922,10.0,
49badca4,79bca272,B,20150909,10.0,
bf8606ea,5dad32aa,B,20150916,10.0,
8065223e,e6e557d5,B,20151013,10.0,
755754af,7f78e724,B,20150827,0.0,
e98a5907,1021f602,B,20150902,10.0,
eb8ec39a,c4eb6025,B,20150901,10.0,
5755c6a4,856cc2c7,B,20150827,10.0,
9f72c5d7,05f87c59,B,20151020,10.0,
de883f0a,8e9dcd1a,B,20150902,10.0,
949f8f12,0ab263d0,B,20150909,10.0,
48ee3156,6e2bc7a9,B,20150903,10.0,
14bd2df3,036dabc3,B,20150824,10.0,
b83ae9c3,08bc90e8,B,20150827,10.0,
1ec4a20d,3ce3dec0,B,20150914,10.0,
978326ce,cfb4a2a9,B,20150917,10.0,
0b04434c,f3d7829d,B,20150817,10.0,
b4fe218e,06a0ceb9,B,20150814,10.0,
94cc06a1,ca5bc013,B,20150824,10.0,
6dcb2c58,6104c750,B,20150904,10.0,
bdba5b63,8a9f6fb4,B,20150907,10.0,
86ac2aaa,cade01a9,B,20150819,10.0,
c1a1d16a,2c301522,B,20150817,10.0,
0a930bcc,749ab78b,B,20150827,10.0,
4568accb,db7d7c50,B,20150817,10.0,
fc8740bc,1d6d964a,B,20150820,10.0,
9dcbc49d,8ec83ea0,B,20150818,10.0,
0addfb7b,e634851a,B,20150902,10.0,
fb364b5c,adfda277,B,20150424,0.0,
e8769f81,1637e805,B,20160128,10.0,
4e5cc349,fa8916b2,B,20160216,10.0,
eb004fc0,80dc733c,B,20150831,10.0,
799636a6,66fbb114,B,20160223,0.0,
30f3fd9d,fc5c6be0,B,20160210,10.0,
101b25e1,e505bcea,B,20150824,10.0,
2702a928,3062fc7f,B,20160211,10.0,
5ed161d4,afc2aba6,B,20160229,10.0,
ba3d5cad,96ede88f,B,20160216,10.0,
3fcdc833,cc537d9e,B,20150901,0.0,
565a1b6d,546e473a,B,20150904,10.0,
db1d579e,7d82019b,B,20150916,10.0,
42025820,208ed4c5,B,20150818,10.0,
7ba92ad7,0687fa37,B,20150817,10.0,
897cb739,65f7a038,A,20130815,5.0,
e69a6eb8,13da6300,A,20130820,5.0,
9d062744,cb398b38,B,20150204,0.0,
85f4e436,11a44ed8,B,20150317,0.0,
bb630dcf,968de807,B,20150818,10.0,
26c9e0a4,e620009f,B,20150131,0.0,
8cfed267,0dbddac6,B,20160224,10.0,
b1303f99,5a281e70,B,20150124,0.0,
4f1f4def,c47a94df,B,20141019,0.0,
759189cf,a474cec3,B,20150316,0.0,
9eefe057,f30a3cdd,B,20150416,0.0,
7a6a9698,eb039f51,B,20140911,0.0,
440d4e13,9948fa52,B,20140826,0.0,
7bc3ef8a,158b283e,B,20140812,0.0,
05e8b2d1,5b28d27c,B,20150131,0.0,
930024d0,7f766465,B,20150326,0.0,
31357d86,46e634dd,B,20150124,0.0,
a25fd927,62d70618,B,20141017,0.0,
7b0cf4eb,5dbfe404,B,20150329,0.0,
43a80916,c2459cfc,B,20141014,0.0,
be84ee6b,a3c2fe22,B,20140816,0.0,
4df37833,5d6618d8,B,20140813,0.0,
16366b7e,8d035a99,B,20140818,0.0,
b8af7298,58250990,B,20141229,0.0,
c7918d6f,d85f0568,B,20141121,0.0,
43730417,cf97f258,B,20150131,0.0,
2262181f,b9808ecc,B,20150316,0.0,
1b71287c,33b2f115,B,20151216,0.0,
9b78f5f5,3e413910,B,20140811,5.0,
d8549fca,9f8d347f,B,20151116,0.0,
c9c5857a,3b4d074b,B,20150131,0.0,
4bed46a1,9bbbe993,B,20150202,0.0,
6185602a,85733254,B,20141014,0.0,
d8fce7ee,fdbaf8a6,B,20150408,0.0,
cd2c31aa,c7e8178f,B,20151129,0.0,
7ebfd2ae,c133a06e,B,20140818,0.0,
a343f555,dd3e96c8,B,20160110,0.0,
ccd53a5c,a5fa683e,B,20150129,0.0,
6c965404,a3814c4c,B,20150821,0.0,
6473d89e,b015598e,B,20150807,0.0,
3cea94b9,ba60bca3,B,20150129,0.0,
5f37182e,8f387644,B,20150807,0.0,
31b5baf2,813d593f,B,20151216,0.0,
58226960,a74b2062,B,20150819,0.0,
2288df3a,1c7f2e34,B,20150328,0.0,
f0e710a5,f416cc24,B,20160107,0.0,
bf65e03f,51d9b0da,B,20150128,0.0,
