client_id,gender,dob,enroll_date
d8334f42,M,19880617,20130610
4ab8d76e,M,19601227,20130807
bc2eb9ef,M,19881107,20130816
897cb739,M,19820503,20130815
2cb92776,M,19930923,20130805
7da2b1c7,M,19840824,20130802
e69a6eb8,F,19350821,20130820
1a0a33da,M,19740726,20130830
7a92b6ed,F,19870425,20130421
76687ff0,F,19751024,20130521
091d5b2f,M,19800912,20130729
5e22a673,M,19730329,20130802
41cf0ef9,F,19870714,20130823
7afbc401,M,19891202,20130502
d3fee973,F,19890718,20130809
584c732a,M,19770520,20130509
77049dfe,M,19811121,20131017
50db0963,M,19900725,20130820
d63d0cb0,M,19720805,20130816
155f7af8,M,19780113,20130508
37d42349,M,19810306,20130725
01483812,M,19630907,20130820
365cf2a4,F,19831231,20130726
aa3bbc87,M,19840503,20130816
95cb8fab,M,19691227,20130822
e316dd9c,M,19800701,20130802
9afb6bae,F,19860114,20130807
e4c815a7,M,19840701,20130902
104cf245,M,19940427,20130815
4e9cfe23,M,19930815,20130809
4ebce71f,F,19921104,20130813
f8660760,M,19890418,20130731
dc09dbd6,F,19680829,20130730
9f260fdd,M,19701015,20130815
7fe7ee9c,M,19891210,20131016
0b3fa11a,M,19890614,20130806
39c9b889,M,19810105,20130726
cebdd906,M,19740518,20130731
a0343dbd,M,19741215,20130801
907ec432,F,19791115,20130801
031c91d7,M,19820928,20130730
9c04611b,M,19860406,20130726
4a2efa12,F,19870707,20130730
bc56c529,F,19930815,20131016
45e940fa,M,19890829,20131028
1c0361c2,F,19721017,20130917
63cd2e96,M,19720612,20130913
ba059ca1,M,19800727,20130812
04626854,M,19720206,20130729
fe902037,M,19830715,20130815
81822cfe,M,19830629,20130909
54814dc4,F,19890906,20131021
cfafc00f,M,19870503,20130731
bf3d0a8f,F,19920627,20131024
945efad6,F,19870917,20131011
982f3d25,M,19740218,20131008
bc9021dd,M,19711116,20130919
57c345aa,F,19520621,20131011
2f6050f1,M,19870411,20131010
dda44357,M,19930429,20131023
d37f4831,F,19920720,20131008
e9e990dd,M,19920723,20130801
8402fedf,F,19880401,20130909
dab203c9,M,19851023,20130919
ab01561d,M,19800120,20130925
59e80609,M,19820812,20130916
797ef5a9,M,19860725,20130925
e09d46e3,M,19900416,20131010
a2c3a524,M,19910309,20131028
e6c9c2a7,M,19850427,20131014
8df699b7,M,19800202,20130912
a4589d1a,F,19901001,20131007
4ac33ada,M,19571212,20130927
0029bb23,M,19620902,20130925
304a5680,M,19760919,20130925
85df9723,F,19850421,20130925
76c401ff,M,19930529,20131107
9a939100,F,19710805,20130916
8453b0d5,M,19820919,20130930
3b3113db,N,19840109,20131025
3b56ed30,M,19810605,20131014
8c22617d,M,19860329,20130909
882f9143,F,19770329,20131003
19105da5,M,19830619,20131007
49ec0b53,M,19870212,20131021
98cef5bf,F,19910101,20130917
e1f149a0,F,19700526,20130909
572422c2,M,19811108,20130919
f82af1d7,M,19870420,20131108
6ca0b5bd,M,19870501,20130916
485d40e4,M,19721001,20130906
c15edfb1,M,19651226,20131016
6821f845,M,19900910,20131008
77f27b65,M,19911002,20131008
7c3d67fe,M,19600616,20131007
88ba4b20,F,19651018,20131017
fba00187,M,19821231,20130916
fb405d83,F,19860201,20130903
17ff2613,F,19490502,20130925
ff3fecc2,M,19900110,20131029
f3710c8a,M,19940713,20131023
150e9633,M,19821218,20130910
bbc28020,M,19860517,20130904
b2d1f067,F,19710320,20131016
b6b9dbe0,M,19861114,20131107
51919eb7,M,19770306,20130905
ef8063d8,F,19900615,20130909
102270ef,M,19881225,20131023
c4db139d,M,19760410,20130909
ba48ae99,F,19850612,20130920
862991bf,M,19870607,20131001
9d7a4406,M,19900101,20130913
61718fb8,M,19860410,20130904
43f61d4a,M,19790729,20130917
a4131bf9,F,19820616,20130913
b23207eb,N,19820601,20130913
cb80b2fe,M,19860418,20131101
f70983cc,M,19910818,20131001
6ac23c1e,M,19731009,20130930
2b6aa95e,N,19910218,20131021
4d745bac,M,19770521,20131018
c00b3146,M,19840129,20131001
9cbed873,M,19780307,20131011
59f9b2c3,M,19690603,20130912
f8ad45c1,F,19831225,20131014
a73ad383,F,19870829,20131001
794da28f,M,19680720,20130920
67710c43,M,19901113,20130911
20e71919,M,19930422,20131014
8b056b1a,M,19770913,20130912
3589e50a,F,19680316,20130919
b83ccb98,M,19750308,20130920
6c17af92,F,19840402,20131003
1e4ff1ae,F,19720407,20130927
cf0ce18d,M,19820616,20130911
144870ab,F,19900206,20130917
3562c9cb,M,19870818,20130927
3c98a896,M,19930514,20130927
0e0284d8,M,19670707,20130916
01faa2e8,M,19740402,20131001
5eea5c54,M,19790427,20130925
dbe83a72,F,19820222,20130927
ae1d11f6,M,19900701,20131001
a8fc42a6,F,19681025,20131128
bb77bc1c,M,19841220,20130913
7c186652,M,19861010,20131028
0e7e836b,M,19731010,20131125
e1aadd35,F,19720101,20131122
ff04fca6,M,19850814,20131008
f68b3990,M,19730322,20140110
37939280,M,19750503,20130930
0ea1acbc,F,19931117,20131119
6db14b18,M,19660305,20131119
e9233c48,F,19850105,20131112
52d617f6,F,19770101,20140123
87130a5a,M,19880101,20140114
04ec544e,M,19920312,20140109
806a4866,F,19750428,20131202
8d1522c2,M,19840102,20131126
371d548a,M,19810517,20131107
4b70f89d,M,19760305,20140109
fb8f5da7,M,19940819,20131209
4298daac,M,19740210,20131203
08c10235,M,19830121,20131112
7668abc9,M,19790118,20131127
4c39f419,M,19790815,20130917
2dd45fda,M,19770814,20131108
224644cc,F,19471114,20131209
7441ec5f,M,19660302,20140108
7ed78e66,M,19910507,20131126
7e38d726,F,19920428,20131210
b87d4d46,M,19920305,20140107
b29bfe50,F,19771120,20140117
ae0e510a,M,19630704,20131213
85cc98c6,F,19741001,20131230
6ebccd87,F,19830622,20131203
e5881499,F,19660416,20131126
fdfd2dd0,M,19850305,20131219
174ba032,M,19461120,20131120
41dba6fb,M,19760123,20131211
f02ee1c1,M,19841115,20131126
bfc39d43,F,19931210,20140122
b879b195,M,19690517,20131202
39257f2e,M,19840717,20140204
3d8a4c24,M,19730505,20131216
3e6c9dec,M,19850314,20131107
08637aa8,M,19780628,20131114
5aa67519,F,19570120,20140106
5c8f97d1,M,19810520,20140115
c7b4f593,M,19920401,20140115
41a1eb56,M,19940409,20131209
fd78b805,M,19780315,20140107
42dc96e1,F,19851202,20131213
6aba4ac3,M,19860723,20140116
770b23be,F,19860430,20131205
a25c679d,F,19920602,20140109
cff71b13,F,19800921,20140110
f3af126e,M,19891017,20131211
378bd100,F,19790813,20140106
d2d9fb05,M,19841106,20140107
b2ce226c,M,19871122,20131209
73cc37a0,M,19810414,20131220
a54e760e,M,,20131218
38450df8,M,19700926,20131224
6ce6f97e,M,19870816,20140114
2009f88d,M,19751218,20140121
eb0d2759,M,19830630,20131112
ef89a446,M,19840913,20131220
4373a342,F,19790511,20131210
00be0bd3,M,19950403,20140109
565aac8e,M,19810723,20131218
6df7e0ea,M,19940122,20131219
1e7e5f31,M,19830224,20140123
901c11b0,M,19920718,20131127
923fc0c9,M,19510202,20140129
370fc1cc,M,19811205,20140116
83978463,M,19641005,20140114
5c4dc1a4,F,19941007,20131124
166ab1c0,M,19750711,20140115
4c98575e,F,19890107,20131209
7bcf7393,M,19790903,20131227
7ca80030,F,19780828,20140108
feab4c02,F,19931013,20140121
4d231240,M,19690306,20131212
631f1c13,M,19730815,20131118
3bde8039,M,19881003,20140116
5b8a8bbb,M,19930307,20131213
b9279a16,M,19840604,20140117
f4563f32,M,19890817,20140218
6cef2887,M,19820404,20131127
b7463bcb,M,19810717,20140113
075d1a61,M,19930106,20131118
a03791b5,M,19741201,20140108
64d1e704,M,19620516,20131114
cfeffefd,M,19930703,20140206
6daf9937,M,19800202,20140119
fad8515b,M,19910522,20131217
57724953,M,19840801,20140117
53ddefdc,F,19780516,20131204
8a6ec81a,M,19900328,20131212
d1b00d69,M,19801220,20131128
83efcb00,M,19630820,20140114
0edd015a,F,19910529,20140116
c2286fb5,M,19830801,20140119
a7963a8b,M,19730603,20140116
ebd5eb6a,M,19801119,20131216
a4a5f56c,F,19770720,20131219
1a3db43d,M,19620506,20140109
7ba0184a,F,19930331,20140117
dd0b7ad6,M,19850418,20131119
4c6173a1,M,19680305,20140109
734c4cb7,M,19861006,20140113
3e8d854c,M,19890219,20131218
262c0e47,F,19900320,20131115
6fa99ab3,F,19851113,20140116
0eab700a,F,19950422,20131111
7ad1b50f,M,19931010,20140121
4992bd5d,M,,20131216
8ac9f733,M,19860603,20131202
4f693865,M,19780908,20140124
a51097aa,F,19941121,20140121
0f95422f,M,19720730,20140120
20bf0405,M,19660602,20140109
eda14e19,M,19780215,20131223
f1738ce8,M,19881125,20140124
0ad00deb,M,19870309,20140113
9bc2d386,M,19810927,20140101
2e2f615b,M,19900327,20140128
4405ccfc,F,19720101,20140121
a6a37899,M,19810825,20131118
278408ef,M,19830414,20140120
0219935d,M,19820811,20131108
3eedac6d,M,19940919,20140113
17e8b4e9,F,19930406,20131108
051f1481,M,19870323,20140203
685cbe1e,F,19680209,20131204
d083de09,M,19730522,20131210
2e51eb57,M,19561018,20140120
0983a71e,F,19920613,20131220
d8664965,M,19930507,20140121
51f10ece,M,19390101,20131224
5f780cfa,M,19940404,20131213
44a28f2a,M,19761026,20140127
7284e117,M,19940804,20140106
cd2bff70,M,19830605,20140113
0d00d8ea,M,19840212,20131119
3a1893e5,M,19871208,20131126
4927f631,M,19881019,20131209
b09272ff,M,19821101,20131104
3c265482,M,19880711,20140515
ea0d27f1,M,19830827,20140122
bc251edc,F,19810728,20140117
2e215ed9,M,19940327,20131202
3d1500d6,F,19610402,20140121
0052c81e,M,19880525,20131203
bd885dce,M,19901015,20131121
c729106f,M,19800426,20140121
def9f6e0,M,19891016,20140203
fafd6f52,M,19890819,20131111
7136f080,M,19860809,20131202
f1b6644e,F,19921115,20131203
2d065252,M,19850503,20131224
160d0bb5,M,19870721,20140121
5c17d9a2,M,19621127,20131127
cff9f438,M,19861226,20131212
081b17d6,M,19910905,20131113
97f633b5,M,19471020,20140107
fea25f5b,M,19750515,20140203
820d9c76,M,19810428,20131114
3e99ca2c,M,19940605,20131129
6c0f92d4,M,19900629,20131029
162b3902,M,19911001,20140113
4291af7e,N,19841201,20131227
4e528f09,M,19950621,20140204
1d771c5d,F,19880313,20131118
3350ee9b,M,19650829,20131230
e886b556,F,19930628,20140124
8de8b284,M,19630627,20140207
787005a3,M,19920727,20131114
00a39ae2,M,19890502,20131119
36ab466d,F,19900707,20140114
3ed951bf,F,19600212,20131204
34781663,M,19790609,20131119
8fcbde9d,M,19800501,20140109
4e9b0c4a,N,19851127,20131217
c4056df3,F,19790514,20140114
1ebe3dea,F,19830301,20131110
d6f2fb5e,F,19920715,20131203
99e01f76,M,19830816,20140121
442e9f69,F,19891023,20131125
2f8d458a,M,19820516,20131212
9710bba1,F,19790228,20140108
d09f28e3,M,19681106,20131119
faa33b40,M,19820217,20140125
b3e9ddb0,M,19841224,20131122
c7df0695,M,19790713,20131111
12d73f6e,M,19850113,20140109
d59bfc12,M,19700725,20131128
f0a41517,M,19920919,20140110
06022c6a,F,19720519,20140113
8070fca8,M,19870528,20140111
572cfa1b,M,19750102,20131230
b4dfcd1c,M,19830114,20140113
a1e513df,F,19870726,20131119
a920f431,M,19861126,20131104
7fc9bd3f,M,19710814,20131128
75319500,F,19901107,20140116
79d1b73b,M,19700502,20131128
c910a632,F,19520423,20131230
46bbdfad,F,19860418,20131106
91864934,M,19640903,20140108
e46bc18a,F,19900202,20140120
5dda7c70,M,19780815,20131216
172e9cac,M,19750915,20131203
a4147194,M,19880806,20131203
19f859d7,M,19810718,20131219
6347d285,F,19780101,20131111
3a1fe158,F,19730609,20131210
395f631f,M,19861003,20140115
5240a557,M,19600515,20140115
a7876172,M,19790728,20131204
ca278cbd,M,19930610,20140116
43cbd166,F,19860214,20131118
06ae758b,M,19631130,20140212
5e1c772f,M,19730122,20140113
806c032b,M,19570108,20131127
17f441fc,F,19720416,20131223
2e181701,M,19791019,20131129
3e25d814,M,19891103,20131113
ebf3d124,M,19850515,20131217
019e20d8,F,19811209,20140103
be0ff742,M,19850801,20140120
7ca920d3,M,19861213,20131205
d4dce4b2,M,19521106,20140108
44e0d54a,M,19820901,20140116
baa9c443,M,19591010,20140108
2999ffc0,M,19950724,20131114
83377363,F,19811024,20131120
86998a37,M,19920207,20131129
f56cd43a,M,19741114,20131216
08728067,F,19571210,20131121
a00aea8c,F,19810129,20131212
065a3abf,F,19730917,20140110
f23d1b82,M,19620711,20131108
b5a04681,M,19881223,20131230
8536bff5,M,19730722,20131107
1fe4a0f6,F,19740306,20140116
7c9b7ab2,F,19850510,20140116
f8499770,M,19811111,20140113
416c9ed7,F,19921012,20131216
d416ce22,M,19880921,20131119
5f957f61,M,19930505,20131216
31a34c23,M,19731220,20131219
9f92070d,M,19840702,20140107
f8ca0040,F,19701013,20140110
673459ef,M,19871211,20131219
f3b7b798,F,19780128,20131220
3eed72c3,F,19901213,20131219
7295b77d,F,19620805,20131210
d9363a55,M,19900210,20131219
8407d2e6,M,19720719,20140203
40f4b2ec,M,19911224,20131108
cb624b38,F,19820526,20140102
250c7954,M,19781002,20131224
dda5e150,M,19890809,20140109
37e09793,M,19681205,20140128
310eaa11,M,19840923,20140110
bff9830f,M,19710423,20131205
a077d858,F,19820207,20131210
698f41cd,M,19860525,20131209
c679be85,M,19840527,20140113
0705d195,M,19900221,20140116
ed264701,M,19591130,20131220
a5cc5b8e,F,19831203,20131203
68279240,M,19790101,20131203
0272bf90,M,19790609,20131216
55ec17eb,F,19851226,20140116
b8535ba6,M,19890817,20140114
0bf39fc0,M,19960618,20140107
fb82fb27,F,19840325,20140113
fde412b7,M,19941223,20131211
682b8a0c,F,19890101,20140108
6bf4c6e8,M,19830525,20131108
3baf7a2a,M,19930220,20140108
3916e20c,M,19810919,20140110
c90f657a,F,19901028,20131113
a70e6d47,M,19790325,20131113
3aff920a,M,19911125,20131119
57b9da2f,M,19890208,20140212
cf023871,M,19810504,20131213
fd77dccd,M,19911225,20131120
1a6842d1,M,19851002,20140108
19508935,M,19870414,20140218
842e0839,M,19730101,20140213
d35fa55e,M,19711008,20140117
516afa6d,M,19950527,20140218
0a0597ee,F,19880117,20140206
4f570363,F,19570327,20140107
1e8edea8,F,19920906,20140106
016f8d78,F,19790317,20131127
5f941be5,M,19670416,20140207
8750081c,M,19870402,20140218
0c057df1,M,19920704,20140205
c229323b,N,19860303,20140220
8b5e195e,M,19851002,20140211
fa01f4ec,M,19940607,20131211
23b93056,F,19880925,20140213
8ed07ce8,M,19720921,20140205
20aaa2c1,M,19851111,20140204
4e4c0238,M,19790406,20140204
dec4ca94,M,19790603,20140203
906e9ab5,M,19930604,20140213
1955458d,F,19890316,20140220
e5c7b716,F,19851118,20140113
4ebd0e39,M,19670428,20140207
077e9ea9,F,19900526,20140204
b9b8d0fb,M,19760227,20140214
b6a27479,F,19920307,20140205
fb1caf5a,F,19920930,20140215
1f3d88c9,M,19690424,20140204
c5970bd7,M,19910201,20140204
6c676d64,M,19770817,20140212
b777edb4,F,19960221,20140222
c11786c2,M,19921212,20140207
fc4dc5a1,F,19800209,20140211
98bf17cb,F,19680128,20140204
45e7d387,M,19820922,20140403
cec93024,F,19930504,20140204
31c862e2,M,19870408,20140224
b7a472ff,M,19750501,20140214
66971ec7,M,19911005,20140221
ba4049b4,F,19860615,20140207
fd48419c,F,19890603,20140204
cf4779cf,M,19640101,20140206
d00592b1,M,19800926,20140116
fbaf6782,F,19870429,20140212
7419458d,M,19890910,20140218
78774e22,M,19900214,20140207
456da7d2,M,19850814,20140212
733c42ba,M,19541224,20140207
5049650c,M,19880918,20140205
b03ea34c,M,19820303,20140321
48897cbf,M,19800606,20140218
a8afb6a7,F,19560104,20140204
5fe56229,M,19790415,20140213
b8c247e9,M,19530820,20140208
c3fadf62,F,19940331,20140318
48f4662f,M,19801010,20140403
adac6717,M,19850405,20140220
1cbcb0d3,M,,20140402
ee8fe501,M,19670702,20131219
f682ed28,M,,20140404
acbcc56f,M,19781101,20140328
6b5e0737,F,19921021,20140407
f0c92bbc,N,19850508,20140321
ee1c5cae,M,19800404,20140401
c425b908,M,19861012,20140206
a841cd55,M,19770908,20140321
0bc896a7,F,19931019,20140321
5359345a,M,19880610,20140327
39379e92,M,19920303,20140205
db508acb,M,19830101,20140318
e454e13a,N,19870717,20140210
d62173d5,M,19890701,20140314
c788cacf,M,19821220,20140204
99d41072,F,19790709,20140326
70273f04,M,19790402,20140204
96b8a8c1,F,19880226,20140313
fefd9a4e,F,19870525,20140402
416af4ad,M,19610909,20140326
c0ac5f68,F,19700201,20140328
ef26852c,F,19850919,20140320
15938ce2,M,19650505,20140320
5f57fea6,F,19840801,20140404
fdee381e,M,19800811,20140328
6a81a781,F,19680804,20140320
cb9c4455,M,19800626,20140325
bacb0c04,M,19920216,20140321
cd24dd08,M,,20140505
8949cc57,M,19920626,20140328
bc38f69b,M,19851015,20140407
aee694c3,M,19840416,20140401
5d80b4c2,M,,20140328
c4a1e6bd,F,19910223,20140320
de012bc6,N,19690316,20140414
6fdb8548,F,19810126,20140314
02837e52,M,19770707,20140314
2aff8794,M,19801030,20140408
1d9ecd21,F,19820805,20140314
5808df98,F,19861109,20140724
79a1f007,F,19900707,20140405
ee722a18,M,19830511,20140321
0b7b280a,M,19950305,20140402
20a4b272,F,19580808,20140321
48f4cd0d,F,19750213,20140402
c4c275d0,M,19830917,20140325
88e63ce8,M,19890429,20140328
742efb51,F,19660724,20140404
88d921ed,F,19940731,20140403
63e29df2,F,19860526,20140407
bd5ee636,F,19820614,20140403
a918fe29,F,19930826,20140403
9d971a23,F,19900204,20140321
8a9fd24f,M,19851111,20140321
fb2e1dc1,N,19720103,20140408
be609538,M,19920826,20140325
99b3dab1,F,19740707,20140401
979f0038,M,19880808,20140404
e5cd25f3,F,19850705,20140404
d8a6c0bd,M,19891118,20140411
201772d0,F,19940614,20140328
f3763ce0,F,19810102,20140313
2db239d5,M,19680702,20140401
948c6e99,M,19711014,20140407
42a18d29,F,19840422,20140326
cb3a9264,F,19600705,20140404
0d804746,F,19850305,20140328
10dd5c82,M,19750916,20140403
275c13c8,M,19850101,20140407
86d5dab3,F,19931214,20140401
947dde74,F,19900305,20140408
c66cd085,M,19840625,20140407
86bc2f98,F,19940728,20140401
95e43ce0,F,19850101,20140404
d88fc7db,M,19841013,20140408
54b14c14,F,19850102,20140404
eddb5c42,M,19910108,20140328
531abd2f,F,19930719,20140404
21013ab9,M,19901127,20140407
422d3d2e,F,19680604,20140317
695357cb,F,19850414,20140404
59a4a1ff,M,19910716,20140408
a2e2b2c5,F,19820513,20140404
5741d8b9,F,19880511,20140320
fbeddc99,M,19740819,20140404
94ff2b13,F,19880713,20140407
e81eb787,F,19920222,20140408
c926f616,F,19800427,20140326
2e125562,F,19900121,20140325
40e917c8,M,19820418,20140318
435da6d2,F,19920721,20140313
08b8a93f,M,19901123,20140318
a753e711,M,19920719,20140318
116bdbc1,F,19721028,20140313
e9de0f16,F,19920727,20140326
db7dde80,F,19861110,20140326
12de5dfa,F,19880826,20140317
e2112b6b,M,19870914,20140318
5ad1ba03,F,19860405,20140325
7188d89c,M,19910902,20140320
41f45434,F,19730916,20140321
3d922128,M,19910430,20140320
0b5b3c00,M,19850519,20140325
072a996b,M,19880809,20140325
2cad4b61,F,19910118,20140328
071b7daf,F,19840912,20140331
777dda6c,F,19690201,20140320
d2c6fca1,F,19941215,20140325
20ec2c66,M,19770826,20140313
5da4d293,M,19900920,20140327
e755078d,M,19690513,20140326
1f2c1fa2,F,19790816,20140326
1b46ce8e,N,19880219,20140318
328f432b,M,19681228,20140321
799ceedd,F,19741021,20140317
50bae554,M,19690904,20140317
bffd65c7,M,19941202,20140314
6f627fe0,M,19750603,20140320
7b6ddb64,M,19820511,20140319
429871ed,F,19860422,20140321
0b705170,F,19900701,20140317
e35edc28,F,19750823,20140317
f974de8a,M,19810702,20140228
bf227869,F,19891005,20140314
f8c2cbcd,M,19790422,20140316
c3934a25,M,19850403,20140318
2b96c105,F,19840528,20140403
56becbf4,M,19750412,20140318
a7c7ac52,F,19941031,20140317
d842303e,M,19671215,20140314
22a5d9ee,M,19940109,20140327
532f3685,M,19880214,20140407
6fb4cb06,F,19880126,20140311
28f32cc0,M,19921111,20140304
3afe7bea,F,19921227,20140327
c55e4499,M,19531018,20140303
586028a1,M,19761019,20140320
ec3f9ed8,F,19890330,20140317
edd222b2,M,19841214,20140310
eee2f1fc,M,19900522,20140318
ad840494,M,19940405,20140304
3db93935,M,19771220,20140307
aa08cdda,M,19941216,20140326
1c2feea2,M,19850606,20140227
643944f8,M,19710514,20140220
83304cd5,M,19940715,20140226
e0401e91,M,19840715,20140225
090ddda5,F,19880816,20140304
9a1abdb8,F,19790302,20140225
4c183999,M,19921007,20140304
a32a507b,N,19930924,20140226
925932f6,M,19930520,20140220
eb4362af,M,19930811,20140311
3e032b2f,M,19850430,20140305
daa1d284,M,19930212,20140310
cd4a137a,F,19830322,20140311
b3113c4b,M,19890205,20140305
54a0c783,M,19830601,20140311
395bc284,M,19931231,20140310
fcdcf537,M,,20140404
faf395f1,M,19831221,20140225
68fdd867,M,19851218,20140311
79c404c0,M,19881222,20140220
7809fe36,M,19500505,20140310
61c22ab4,F,19800416,20140227
deabf436,M,19760606,20140313
96468cf7,M,19720101,20140225
dbd0697b,F,19890321,20140311
3849ba1f,F,19930308,20140228
6572b64c,F,19740716,20140303
7a3aa313,F,19750101,20140304
3b4f2449,M,19900421,20140303
a1a227c0,F,19891111,20140310
99643683,M,19760807,20140311
adc476f7,M,19600316,20140320
4aa8f6fc,M,19860210,20140304
3f850557,F,19670324,20140225
2cfa23e6,M,19910425,20140304
c6fe4249,M,19860217,20140311
b787c195,F,19900128,20140225
cf9395d4,M,19851127,20140314
dffd70c3,N,19740910,20140224
f67a1dc1,M,19800118,20140225
3de5127a,M,19891122,20140223
4fcb91ad,F,19860101,20140227
a7aa3983,F,19940704,20140225
fee4e9c6,M,19940111,20140314
6c00fd3d,F,19860126,20140225
440df632,N,19780203,20150106
163e4bd4,M,19820101,20140220
41885357,M,19790625,20140227
c9f309d6,F,19950317,20140303
c68db181,M,19910101,20140227
111d1169,F,19870122,20140224
63904a5c,M,19760927,20140224
e5209694,F,19910315,20140228
9ee8e0d0,M,19470910,20140319
4d856d4b,F,19901218,20140227
73675dfa,F,19920427,20140314
57374bb9,M,19810702,20140225
7693eb71,M,19870101,20140305
86151ca9,N,19910321,20140226
19020896,M,19620101,20140220
4c626877,M,19920115,20140220
5d18730c,M,19761126,20140226
6f3c7e99,M,19880921,20140227
8923fe35,F,19901022,20140305
62f0f5ed,M,19840219,20140225
db14e875,M,19660101,20140220
c38e8256,M,19710120,20140312
f70a7dca,M,19690315,20140310
cf2a331a,M,19910903,20140303
0b92cd61,M,19840702,20140304
ef40f3f4,M,19820101,20140226
7a4b611b,M,19861210,20140220
058add6d,M,19920207,20140220
15508860,M,19830211,20140221
47613864,F,19771228,20140220
0e5fb514,F,19920211,20140304
bcfb36f2,M,19760111,20140414
e16c9e8e,M,19660203,20140225
816b3796,M,19940305,20140403
25a7fd77,F,19930202,20140312
73c32317,M,19770117,20140304
417aafad,M,19900701,20140412
d6839656,F,19941217,20140411
a55d4434,M,19760114,20140429
540e5141,M,19890703,20140502
5df336e9,M,19841102,20140429
da77192f,M,19900522,20140702
15f19c74,M,19820630,20140221
96c5b778,M,19710816,20140221
6071d208,F,19900724,20140331
09b65374,M,19640817,20140311
bc9df885,F,19861015,20140522
a4093ed0,M,19700111,20140403
e973dcd2,F,19890217,20140307
ccb8cff2,F,19890403,20140424
47f71b6d,F,19890202,20140422
222d0d97,F,19920218,20140718
38242105,F,19881116,20140422
90e75b27,F,19940426,20140407
7897c225,M,19951228,20140616
72d771e1,M,19910820,20140506
f97b28ab,N,19881010,20140630
b654192d,M,19860501,20140516
1fd35abd,F,19700319,20140515
178a3b71,M,19750701,20140519
8e4a3814,F,19940303,20140422
1c69b75b,M,19890705,20140226
3ff8ea6d,M,19800412,20140812
18e66edd,F,19900709,20140812
74b51d45,M,19800417,20140718
ab92a9e7,M,19880326,20140515
30b16ea0,M,19760701,20140904
5c528468,F,19870505,20140620
022e7480,F,19950906,20140616
ffcdd091,M,19910425,20140610
106b659d,F,19850402,20140808
23dea0ba,M,19850802,20140612
e5e1cfca,M,19740716,20140522
29500abe,M,19910305,20140610
3f8bded6,M,19880808,20140513
a74e8e72,M,19890217,20140625
6fb8ebb6,M,19850721,20140508
c2f9dfdc,F,19771007,20140514
cf32b922,F,19930726,20140508
41453337,M,19700224,20140527
0e565670,F,19910518,20130820
6ad48745,M,19710109,20140620
eb976eb0,F,19830228,20140521
122be0e4,M,19860204,20140515
b3b442f5,F,19830222,20140617
d2ad487a,M,19830802,20140516
4e9269b6,F,19910505,20140523
a996204e,M,19690523,20140411
7cec1f94,M,19910209,20140425
166ac00b,F,19940614,20140515
3a26a6d9,M,19860521,20140425
e84aa985,F,19950621,20140812
d92817b2,F,19611015,20140603
813d3416,M,19880104,20140513
c260654c,M,19941012,20140514
615cd4f2,M,19890513,20140709
1705f6ef,M,19781020,20140618
fe0120e1,M,19781021,20140609
b9a2cb76,F,19880726,20140425
59496603,N,19890825,20140513
8f3dfc6c,M,19830923,20140530
827cd277,M,19830701,20140617
8349f5fc,M,19860202,20140507
2628ab58,M,19650205,20140524
e329e3bc,M,19920427,20140417
8f8645c0,M,19750728,20140521
a5409043,M,19560722,20140424
dc99a35e,M,19920823,20140423
59f4ca51,M,19660322,20140611
3d4adc5e,M,19920707,20140623
50a6cd68,M,19781127,20140416
6d6c5244,F,19731128,20140424
3d418f1d,M,19550226,20140417
a3442aaf,F,19730401,20140415
11c7b7a9,F,19780224,20140423
e6bf547c,M,19891211,20140415
ed00892d,F,19950323,20140520
0c5ca544,F,19780226,20140703
2577485c,F,19750107,20140508
393f01d7,M,19810916,20140408
2fc5a949,M,19900628,20140423
f4afceb9,M,19750126,20140416
3498c001,M,19851005,20140414
8e21c3b3,M,19920803,20140417
b62d692e,M,19900306,20140415
d901d645,M,19860626,20140411
1edb9f5e,M,19740804,20140414
10da8ae8,F,19861020,20140522
5f26dee0,F,19570607,20140417
4bda7b6f,F,19680101,20140411
3515ce39,M,19790712,20140417
608185d7,M,19851229,20140417
7f067ebe,M,19920501,20140521
4f063620,M,19790907,20140414
aeb16fa2,F,19841101,20140410
2a72d02d,F,19910613,20140502
97c3a746,M,19890914,20140514
33c81d36,M,19790514,20140507
ab214487,F,19850905,20130729
da4434b6,M,19900606,20130813
dfc74aa0,M,19890424,20140509
43264992,M,19880922,20140407
641fe713,F,19910920,20140411
0ef8f146,F,19951127,20140609
2adb51e0,M,19921016,20140408
220f5b75,F,19860306,20140416
558226b5,F,19750603,20140417
30e51f9f,M,19900410,20140425
d002b4e5,F,19930323,20140424
b97f1d09,M,19880321,20140424
67cc500e,F,19930703,20140417
8b17d3ba,F,19890730,20140508
70a49857,M,19920710,20140425
f9dce8f4,F,19861112,20140423
4e148b26,F,19720715,20140424
d6d722a5,F,19750502,20140424
7b0d9a1d,F,19900521,20140410
673a93c2,M,19871015,20140410
69c5ce7c,F,19860818,20140422
8ce8d868,F,19570916,20140429
82cb13e6,F,19800905,20140415
38982f30,F,19850427,20140410
25fbddaa,F,19870505,20140425
1157d709,F,19940811,20140425
2ec2905e,M,19840501,20140505
95eb0f7a,M,19840628,20140424
501ffceb,F,19940506,20140417
bc37e6d0,F,19770522,20140422
bab24b50,N,19820523,20140422
66464efa,F,19940521,20140502
1bb8bc7d,F,19900127,20140411
fb424fa9,M,19870101,20140514
1c486d69,F,19700123,20140422
e9a0eda0,M,19930903,20140408
e3c7740f,F,19881219,20140506
1dcc8f53,F,19900326,20140422
fa3ac9e9,F,19810714,20140422
5870612d,F,19730701,20140408
823326b7,F,19840913,20140417
f4731b04,M,19840518,20140417
dd387bba,M,19911121,20140428
875d40f4,M,19900505,20140422
cd8a0892,M,19910814,20140507
5941f7bf,F,19800619,20140414
5a10f1f2,M,19960517,20140516
9cc95291,M,19941023,20140422
d6e0837a,F,19940203,20140410
91745784,M,19790520,20140415
40481d05,M,19741103,20140409
9c6ec839,M,19741011,20140407
007274de,M,19950113,20140410
10a75033,F,19750920,20140414
a71183ab,M,19841013,20140415
897386bd,F,19870422,20140415
643fcd0e,F,19660524,20140414
6ee698cc,F,19560223,20140429
c09d18a5,M,19770725,20140416
4e7a3cec,F,19800619,20140411
8aab026a,F,19870306,20140424
0e11a041,F,19901010,20140415
57c995ca,M,19910925,20140411
42d459f5,M,19500718,20140416
7915a52a,F,19940111,20140411
daa04963,M,19930601,20140509
b6c078f0,F,19960404,20140428
5f84c607,M,19550520,20140411
e459adfc,F,19560910,20140415
bcca790f,M,19740220,20140425
cb9c9224,N,19680208,20140411
0405d938,M,19830303,20140506
14a12c6f,M,19720911,20140509
4af402e0,M,19920503,20140416
e9051e6c,N,19650701,20140414
164e4ed3,F,19890801,20140501
4b48babc,M,19771024,20140429
0ce5587e,M,19810928,20140415
4fb82150,M,19730325,20140508
b69bb058,F,19851124,20140506
a22bd5a0,F,19801012,20140428
20193766,F,19870618,20140428
b80386b2,M,19891111,20140326
482edf74,F,19810214,20140409
29a16377,M,19860816,20140428
7707a406,M,19911003,20140409
84646c9e,M,19870708,20140414
f8067732,M,19880803,20140516
c9e9ecc4,F,19950705,20140327
af5dd646,M,19890909,20140508
babd2004,M,19731202,20140414
6f742fc1,M,19900417,20140515
dd3889f3,M,19880214,20140403
8c026218,M,19780815,20140410
021c2539,M,19810701,20140502
370fce9c,F,19820708,20140409
942e9df6,M,19880218,20140505
b30b0e0c,M,19661014,20140408
9775e286,F,19690129,20140415
d6983546,F,19850422,20140610
3e40e2ca,F,19740423,20140508
c0df417c,F,19830323,20140611
686338de,M,19920311,20140414
9814b6b0,F,19890830,20140411
b72ed8a0,M,19860325,20140508
510d77b2,F,19900405,20140605
95a65a72,M,19861030,20140609
cef9d372,F,19750305,20140401
8246ff37,M,19840404,20140415
9574573f,M,19860512,20140605
a0f24cf9,M,19770102,20140611
da72bf21,M,19770614,20140411
eaf8b76a,M,19850318,20140509
5990db49,M,19600717,20140506
8fd11a27,M,19571015,20140516
0f750ac2,M,19840731,20140508
756ec947,M,19840524,20140331
c4734876,M,19830712,20140610
a0269c11,F,19900603,20140611
bfd5732c,M,19960815,20140430
8c7fa847,M,19870330,20140514
3fcf0670,M,19810511,20140616
562442e6,M,19870328,20140609
a8ec30ee,N,19770820,20140619
9f811879,M,19750531,20140606
b0af0e2d,M,19890225,20140408
a12650c9,M,19870814,20140529
221b6d67,F,19790226,20140424
ce39caf3,M,19840115,20140408
f5611355,M,19870408,20140409
db377d20,F,19890625,20140425
d46ff2bf,M,19761110,20140509
f040a914,F,19930317,20140328
7b1d86d6,M,19730826,20140507
e873e6e4,M,19890313,20140416
6746491f,F,19891019,20140409
fccc1cb9,M,19941101,20140409
e6ddc005,M,19770101,20140510
98aa7bef,F,19860422,20140515
38b5b307,M,19910308,20140331
dabf8cf9,F,19790222,20140403
5143549f,N,19920101,20140904
88954da2,F,19890312,20140522
930637c7,F,19870502,20140813
0d758872,M,19850621,20140401
3f8589a1,M,19650505,20140903
fb4acd71,M,19820316,20140604
21613b82,M,19920611,20140929
4d68a40e,F,19801206,20140602
3ac05705,M,19940920,20140904
61249bc5,M,19890602,20140813
e3fdf5a5,M,19710809,20141028
04cf5871,F,19680523,20140603
c43ebe26,F,19810603,20140815
370033aa,F,19831202,20140528
59397f57,F,19920618,20140605
5ef02e3e,M,19830821,20140403
7030033e,F,19870909,20140916
3ed24f96,M,19820819,20140602
c5c9d5de,M,19790106,20140916
364d816d,M,19871112,20140321
a18830dd,M,19741010,20140512
f392a5af,N,19861116,20140603
96dd0c7b,M,19721231,20140806
322338b3,F,19900227,20140527
d6a1d8a9,M,19900604,20141003
96c6d046,F,19881018,20140703
cc5d2e61,N,19950414,20140903
19d81642,M,19930123,20140919
ff8f4ee6,M,19950319,20140918
41811dda,M,19630823,20140612
a15fb8e4,F,19930208,20140711
1d567b94,M,19810306,20140812
dd44a5da,F,19920819,20140620
c0207197,F,19881014,20140826
ad5c5382,F,19871015,20140623
791938d0,M,19680812,20140903
049290d9,M,19880827,20140829
b92ecc0c,F,19841016,20140721
2ae8677a,M,19880205,20140715
a49bd5d6,F,19670705,20140903
f130b6f7,F,19960802,20140822
34a5f81d,F,19881225,20140904
c75ba436,M,19911206,20140711
96b41d30,M,19600107,20140825
51aa6481,F,19720729,20140826
bd9e9d9e,M,19900223,20140623
b2c6f6e6,M,19851209,20140904
4e303951,M,19920424,20140829
3aa17ea1,M,19950404,20140910
d2896e94,M,,20140729
658424d9,M,19770424,20140703
c09750b2,M,19940616,20140924
17f3a6bb,F,19891206,20140909
25d600a1,M,19870805,20140714
92de570c,M,19880105,20140711
67b2d34d,M,19900617,20140808
df70dc6c,M,19781125,20140812
86575afb,M,19940810,20141008
58b5ee54,F,19881231,20140730
0a003e07,M,19940201,20141105
80668d67,M,19870201,20140915
08f26e35,M,19860706,20140804
5541a144,F,19770225,20140926
4756b620,M,19880202,20140703
e384f765,M,19930427,20140619
d821cb85,F,19881026,20140619
528c40fb,M,,20140620
ec8a3af4,M,19820924,20140723
0d9d166c,M,19650101,20140718
e766420d,F,19840722,20140714
46d31adc,M,19900503,20140806
fbf8a9ef,M,19830524,20140703
35590e60,M,19931011,20140910
af6ebf13,F,19920906,20140715
0fd2a46b,M,,20140903
5c0b2610,M,19900701,20140718
33105e2c,M,19660722,20140624
1e10fb51,F,19930805,20140722
39d65419,M,19930101,20140820
ef413e03,M,19860624,20140717
0e5ff5f0,F,,20140826
335222ce,M,19820816,20140808
b41d1170,M,,20140813
5121fa99,M,19800504,20140711
3d06f7a9,M,19740128,20140704
ac8579bf,M,19800806,20140815
54996787,M,19910109,20140827
474390ce,F,19870504,20140704
ae6be9ca,M,19770210,20140516
4b11ca4b,M,19890615,20140805
49eae5a4,F,19920606,20140722
9a8b9038,F,19830705,20140521
5689e2f4,M,19640507,20140716
7dd7a2b9,M,19920520,20140805
268a1b70,M,19930314,20140715
79929326,M,19850624,20140624
b7ca00ea,F,19730603,20140521
e1e2d778,M,19930724,20140908
a9fb1bca,M,19831117,20140515
a8ccecee,M,19920909,20141119
9ec618b4,N,19921111,20140825
2e21001b,F,19781104,20140717
e150b1ae,F,19870907,20140522
f97e68b7,M,19891014,20140902
841bd421,M,19941213,20141117
bf3fc299,M,19770303,20140605
de670256,M,19951122,20140717
f91f5653,F,19880605,20140606
43f16c81,M,19870215,20140723
d2401caf,F,19930325,20140520
719f6f6e,M,19850523,20140618
c2e93cd6,F,19850715,20140715
92ccf72b,M,19840304,20140915
00b276ea,M,19950107,20140916
8e591250,F,19950423,20140521
681ed877,M,19900724,20140603
a8af8f44,M,19930101,20140709
35e1d0e9,M,19820930,20140604
2849a951,M,19681025,20141120
52de4a9f,F,19870923,20140702
9dc7eeeb,M,19890815,20140915
0ef39f0a,M,19811230,20140708
1a6d7afa,F,19891219,20140815
1628ba6e,M,19911024,20140522
3b1105ca,F,19920521,20140820
2deaf554,M,19800510,20140703
2aca604e,M,19780301,20140707
deb27621,F,19860710,20140520
72484a57,M,19910325,20140923
6cc87fd5,M,19910303,20140926
55c72f1c,M,19720104,20150825
1d3253a6,M,19750914,20140918
a8373f60,M,19800715,20140519
7fdbdc0a,M,19840726,20140822
49548a9a,F,19860927,20140609
65b9f21c,F,19950829,20140804
f5497019,F,19911222,20140914
e81b958e,F,19901013,20140806
438eb772,M,19800620,20140522
229796ed,M,19860101,20140718
e0bcfebe,M,19940515,20140916
7d7a930b,M,,20150420
f94ff10a,M,19891125,20140826
8aac1dcf,M,19910404,20140817
c2eddb20,M,,20141015
ebdd2de5,M,19740615,20140825
ba5c0f20,F,19930922,20140903
a4f61606,M,19920315,20141119
0b0ba2d6,M,19820501,20140821
11cd7348,M,19770515,20140902
d5223218,M,19720827,20140919
fa35ae3c,M,19870427,20140827
6732f391,M,19750301,20140819
2205e8b9,M,19920222,20140801
474487d7,M,19851016,20140901
eea59f4a,M,19900101,20140812
02092da1,M,19830101,20140910
b42c9003,M,19660701,20150210
fc17bb85,M,19940204,20140814
2a36fb2d,F,19900104,20150118
c1c5b4c0,F,19931214,20141016
f72d152e,M,19840610,20150311
a5f46fbc,M,19860721,20150224
e836ee91,M,19971231,20150120
c5726436,F,19870720,20140912
9db80219,F,19910101,20140828
28a18d75,M,19820102,20140911
4358b7f6,M,19750919,20140919
daf40d15,M,19901206,20141121
48bd2927,M,19550226,20141126
6137297b,F,19680926,20140721
ead92919,F,19650508,20141031
e2ce1979,M,19801102,20140815
1d77d332,M,19920508,20150223
4c246001,F,19931218,20141126
85486996,F,19900204,20140910
0e726e9e,M,19920214,20140902
1020a2f5,M,19850924,20141010
26d657c3,M,19750622,20150227
56d39259,M,,20141212
4ec69b24,M,19800507,20141007
97904c65,N,19790101,20140829
53a49715,F,19841231,20141113
a8d431bb,M,19820520,20140924
6b2285c7,M,19950508,20141220
d7c2c133,M,19830125,20140926
e3608a6d,M,19890131,20140917
19ac4fdc,M,19921016,20141116
fcf34fe3,N,19911109,20140930
c7c471cd,M,19860723,20141209
c3fd6808,M,19880812,20141004
4aa62657,F,19880212,20150312
895b107f,M,19740918,20141029
bc532015,M,19920830,20141120
c12bcb12,M,19820908,20140923
c68909d1,F,19790628,20140929
9796d79c,M,19770301,20140828
1ff7060c,F,19921129,20141007
a00d79e6,M,19810424,20141124
0a8c4513,M,19941117,20140916
a5ddd075,N,19810720,20140829
6c02b720,M,19751020,20141009
d9dc43ac,F,19781025,20141016
91cfde57,M,19830120,20141007
13651555,F,19801115,20140902
50aa120d,N,19950514,20140915
19554072,F,19720101,20141103
64a0d068,F,19921205,20140911
bb4a11e7,F,19950918,20141209
76c531d3,M,19771129,20141106
c15e4ded,F,19930624,20141124
70d0a735,M,19830515,20140829
f3ccfe24,M,19941212,20141104
0aded537,F,19920919,20141008
93090fdb,M,19910909,20141106
b747509a,F,19930828,20141017
fa1386e2,F,19890118,20141127
f8c769c5,F,19901125,20140814
c2b2ab0c,M,19910925,20140916
98843c3e,M,19820515,20140811
f75a2264,F,19910616,20141106
82a9870b,M,19940622,20140912
037e2cc3,N,19860101,20150207
aa3f07aa,M,19910725,20140813
294fcea6,M,19840322,20140805
f0ec942e,M,19760825,20140811
09baa5d3,M,19950619,20141117
b3a66cb7,F,,20140827
f3447dba,M,19900822,20140811
7b625099,M,19810629,20141022
4b8579fe,M,19691025,20140725
c284f3b3,M,19930305,20141112
0e80740b,M,19830303,20140901
71e3253b,M,19781205,20141020
21d711b3,M,19880102,20141023
daace215,F,19931205,20140913
5fddd96a,M,19930727,20141121
94371c18,N,19840315,20140822
a9790b7e,M,19960728,20140902
d81d371f,M,19800214,20141112
742de1dc,M,19840827,20140811
d957a819,F,19840528,20140805
de57a1ed,F,19820714,20140811
b79ad8a1,M,19790115,20140910
d951003e,M,19880801,20140720
377e46aa,M,19760506,20141009
f94cef99,F,19921026,20140814
6cd3f2e9,M,19930813,20140729
57a111dd,F,19620427,20150402
9617adf7,F,19830409,20140816
df7f4f5a,F,19880808,20140723
344715ba,F,19900514,20140718
b53eeb1e,M,19810921,20140722
8af51dd8,F,19860929,20140707
d0ad685c,F,19830927,20140729
b6c0c77e,M,19880610,20140808
69fee54d,M,19810317,20140709
dc52fe7d,M,19511004,20140726
c828ac48,M,19780323,20140815
8869b2ef,N,19890307,20140714
a05f73c6,M,19710617,20140708
687469cd,F,19920320,20141028
1819061b,M,19850808,20140709
caec240b,M,19840814,20140808
02eb3f20,M,19860811,20140711
4b988c77,M,19760816,20140708
8af7d930,M,19930709,20140923
68201a38,M,19930626,20140714
79e9fdb5,F,19830314,20140722
5a94a526,M,,20140919
59ee5f87,F,19660303,20140627
8e276ab8,F,19930727,20140925
74429069,F,19880302,20141007
17f6b278,F,19941204,20140619
5a181760,F,19940805,20141016
85d6426b,M,19791030,20141008
cde4efa8,F,19930510,20140729
9fded9bf,F,19730413,20140522
fd56a6dc,M,19920701,20140925
b75c0c04,M,19861031,20140520
b732f30d,M,19681209,20140519
931735e4,M,19940817,20140815
29d94d41,M,19930806,20140702
90a3a7f0,F,19710411,20140711
bb1bf4c3,M,19920424,20140722
983c4756,M,19850506,20140724
a0427272,M,19850812,20140817
8b3b9ed9,F,19931211,20140702
f8d036ed,M,19910407,20140620
ad1ed3c0,M,19871010,20140613
cc8a6237,M,19841026,20140626
1ba55343,F,19900415,20140610
22741dd7,F,19940911,20140811
12959aec,F,19870429,20140611
f53c23f0,F,19831001,20140619
8f9bd935,F,19470426,20140514
8ba679c8,M,19920202,20140904
3b0376cd,F,19790426,20140509
65ca2c76,F,19920906,20141009
8999be62,F,19941216,20140514
7c3b25d3,F,19900511,20140528
196c7bee,F,19960806,20141003
1cf04bea,M,19881107,20140812
6c06dd08,M,19900416,20140917
df7ae66c,F,19940618,20140918
bb97ffed,M,19830813,20140815
d91571c1,F,19810612,20140911
025b148a,M,19931128,20140918
2e3d0701,M,19690728,20140513
6df2c7c5,F,19890125,20140512
cace8da5,M,19851217,20140912
e5a39010,M,19920208,20140912
f4b1c8d2,M,19920212,20140808
c5e31c36,F,19901124,20140513
aedd59b2,M,19870115,20140911
6470f02b,M,19790201,20140604
afa47068,F,19941010,20140606
8d891e4d,M,19860526,20140815
9e5391cc,F,19940301,20140602
b21df737,F,19960405,20150115
2721ac7a,M,19941203,20140813
fecb1dc8,M,19771114,20140605
9be31c34,F,19930629,20140619
79bcbecd,M,19760906,20140821
f28b25d7,M,19850918,20140602
752e5394,M,19860708,20140516
58757949,M,19720220,20140924
617be025,F,19900819,20140512
9ab6eb64,M,19881025,20140731
6ced7e19,M,19870420,20140708
943ba1c7,F,19760203,20140606
ff27e4e4,M,19830101,20140514
86dbc252,M,19860511,20140718
6bb9b7b0,F,19720814,20140729
9a4a0cd3,M,19900528,20140908
6d7fa9e3,F,19920207,20140516
ac1bd386,M,19871120,20140513
e2e26b95,M,19931018,20140918
c3fa897e,M,19850520,20140714
8d071a94,M,19880909,20140715
eca445b1,M,19920516,20140613
3dadf5a5,F,19950514,20140717
0473f648,F,19650701,20141120
f87ecf50,F,19851126,20140516
c3c4d60b,M,19700819,20141107
f640d6c1,M,19930701,20140724
7c19f075,M,19670516,20140724
fcdb569d,M,19900614,20140723
f1955b2a,F,19520701,20140821
4acf2f03,N,19870805,20141029
ea73cbfa,F,19781002,20141028
b0455a74,M,19910605,20141111
3fb0ec2a,M,19850928,20140513
2ad5b4f3,M,19920817,20140805
5a543982,M,19880930,20140711
9c5fc20d,M,19880817,20141104
d83575e5,M,19530215,20140513
96459a7e,M,19930701,20140822
ff3ea470,F,19870711,20140717
583180fd,F,19800911,20140729
b5a7eb51,M,19930315,20140903
0ed889cd,M,19850518,20140820
51cc562c,F,19740618,20140821
44e5d552,F,19920711,20140925
d80f6262,M,19680620,20141029
beedf82c,M,19870712,20140701
f0879681,M,19850629,20140702
a0f1dd13,M,19930324,20140722
8adff6cd,M,19800707,20140825
2e5207cf,M,19731014,20140707
3cc3bf9c,F,19720902,20140805
1ec8f916,M,19850906,20140722
21c9b21a,M,19890909,20140703
9935c879,M,19860907,20140714
2abc880e,F,19860717,20140624
aa753764,F,19760101,20140729
208d2792,F,19920801,20140725
b7c3d3d5,M,19740115,20140718
eda6d2eb,M,19761206,20140722
27a2e9ae,M,19900611,20140804
ed6fb1aa,F,19770507,20140730
5c6173f1,F,19920305,20140704
452cf085,M,19930802,20140721
78dc6aff,M,19890106,20140708
b5172f00,F,19770411,20140704
61b8e7e6,M,19761219,20140702
56322d71,M,19680101,20140630
89bafe41,F,19930701,20140703
2bdb9964,F,19681123,20140918
95a53127,F,19860512,20140623
e541d408,M,19950825,20140625
f088d61d,F,19930712,20140624
3a2fb46a,M,19860719,20140704
805582b2,F,19761125,20140702
f51ab9cb,M,19960413,20140905
248cc4fc,M,19880101,20140906
a41f4105,F,19901203,20140904
e56d956c,M,19740606,20140725
ee7f0b40,F,19871203,20140909
fed8e22f,M,19800607,20140805
c2ca5c5d,M,19920303,20140625
9991c7d2,M,19890718,20140624
15819805,F,19931209,20140624
f5c3e13d,F,19880707,20140929
f6d592b3,M,19900302,20140616
cb183ddb,M,19921010,20140624
0dc7e00a,M,19850915,20140625
b883e9a2,M,19910322,20140609
9e4de85e,M,19860202,20140625
6227fbba,M,19850821,20140905
3b08fd80,N,19871214,20140919
e1808537,M,19900517,20140603
8dbd6a53,M,19930319,20140923
8efdd8c3,M,19940430,20141009
0c932757,F,19731228,20140603
c0928224,F,19750329,20140627
f600f9a9,M,19641222,20141022
5e77c157,F,19861023,20140521
227bd4aa,F,19660526,20140528
151cf72f,F,19720304,20140522
9ea92f07,F,19650818,20140926
50010160,M,19940303,20141003
cfab671e,M,19931104,20141231
eae60297,M,19820308,20140603
ce0d53d4,F,19770214,20140602
3c2c3eaa,N,19930418,20150522
a5bf0059,F,19691024,20140815
51eb2840,M,19921115,20140807
4f163d64,M,19810918,20140527
b0804613,M,19800726,20140930
1f3a9dc0,M,19930429,20140806
30912992,F,19810711,20140820
8ce4da9e,M,19930418,20140807
b953e713,M,19770315,20140821
7ee13d1c,N,19801113,20150109
027c0b9d,M,19801027,20140821
dae4eef5,F,19640328,20140804
211f71a0,M,19790618,20140819
359b84bb,M,19920127,20140617
55f8d027,M,19790821,20150108
a2691ef6,M,19741107,20140822
465facae,F,19890202,20140826
1cc6f523,F,19890731,20140825
482ca836,F,19900508,20140630
ba175d10,M,19860913,20141219
1b015266,M,19920113,20150120
73b282ad,M,19920612,20150116
b0abdb1a,M,19900502,20140529
bb2b7343,M,19870607,20141022
621180dc,M,19790202,20140625
142aebbe,F,19840830,20140612
67965c5f,F,19950710,20140821
7c0c3394,F,19891213,20150108
82e01834,M,19840523,20140910
3a6b7ed6,M,19870507,20140826
cd18b82b,M,19910202,20140625
c8ef0cc3,M,19761231,20140529
ec0082cd,F,19820824,20140616
289e05a2,F,19791117,20140612
dedf51b8,M,19940419,20140916
279b5212,M,19940824,20140911
b0b46a54,F,19860306,20140911
b2ee3209,M,19960307,20140620
da443555,M,19760327,20140828
12a33b63,F,19690906,20140813
77219186,M,19940516,20140613
ad325150,F,19800816,20140813
4b1683b6,M,19831205,20140616
cd092343,M,19590203,20140925
b64d4415,M,19950315,20140916
4db08f43,M,19910503,20140825
cf87407d,M,19750405,20140822
baf25a7e,M,19900418,20140630
038eadc5,M,19880824,20140902
1400f84d,M,19870822,20140628
94d5faf0,M,19950721,20140827
06b17dbe,M,19740714,20140904
9dd496ab,F,19820903,20140612
d9b511d5,M,19600821,20140425
4160e240,F,19930421,20140821
7ee895d9,M,19910711,20140903
5c842d89,M,19690910,20140628
b232f294,F,19850619,20140711
a209b1a3,F,19960723,20141215
c0a52d97,F,19940520,20140816
b34fd858,M,19800626,20140904
0516ef6a,M,19860610,20140813
408f29cf,M,19921004,20141212
da1f5068,M,19890801,20140903
31d4da83,M,19920101,20140611
6ebc70fa,N,19650828,20141218
042c6a6b,M,19920423,20140820
8ab8c5e2,M,19760502,20140827
772fc12a,F,19620404,20140609
e0cc6796,F,19890828,20141213
8996f3fb,F,19720101,20140909
6a9a0c33,M,19840320,20140917
b97323dc,M,19880816,20150106
659c088a,F,19880726,20140611
5e3589b2,M,19900409,20140612
41058fc3,F,19870901,20140915
afb5c813,F,19880115,20140911
859368f9,F,19650219,20140905
df585a70,M,19890128,20140905
bfaf11ef,M,19900620,20140818
bcffed40,M,19891214,20140912
0c42a846,F,19940121,20140930
ea39c72f,M,19740309,20140904
a45b02e5,M,19871119,20140624
bf633285,F,19920103,20140821
8c59ab1e,M,19880611,20140731
d34f7ceb,F,19760207,20140812
28565a1a,F,19841231,20141212
ebaf8feb,M,19900916,20140610
7e251f27,M,19670218,20140725
64921abc,M,19820417,20141113
5685f87b,F,19890510,20140731
85539eaa,F,19721222,20140609
899801ac,M,19660801,20140911
4a9fd940,M,19900622,20140610
384baf10,F,19930915,20141114
d5d715d6,F,19830924,20140610
399e953a,F,19510101,20140908
23b706dd,M,19940523,20140530
452745a1,F,19661019,20140926
3683cb04,M,19880503,20140709
1499505a,M,19750818,20140602
209a13ed,N,19950914,20140915
8aca2161,F,19900613,20140729
7198caae,F,19751029,20140704
6ca3faf1,F,19650617,20140911
5e8c0f11,M,19880326,20140604
756d8302,M,19801204,20140602
ddd163a0,M,19800711,20140825
0dc951fb,F,19910929,20140603
2209ef5c,M,19911231,20140606
f3e968c0,F,19790608,20140609
d916f14d,M,19890101,20141013
4a30e494,M,19620509,20140609
8b64c36d,F,19890306,20140916
dfe25f3a,M,19700118,20140619
4470de22,N,19810316,20141217
03aede14,M,19800305,20140819
22fecdd5,F,19560106,20140623
fe8f53d6,F,19700617,20150210
0d47a5ae,M,19770319,20140911
fd72ab8f,M,19770918,20140910
cb93780b,F,19950203,20140822
18c3ee60,M,19890912,20140610
9ba85cdd,M,19960810,20140902
4caa7d8c,F,19870101,20140624
28b779e6,M,19880310,20140806
a6761204,F,19840718,20140620
cf0a1c5c,M,19901123,20140828
814ee7d5,M,19651212,20140905
81eab399,M,19871029,20140829
9cfce602,F,19840820,20140905
241403a8,F,19880111,20140506
904319da,F,19800603,20140611
6e8ca1b0,F,19920805,20140826
f467e9c8,F,19921108,20140610
2d115ee8,M,19930309,20140820
74552302,M,19860125,20140625
d591c4dd,M,19850226,20140904
5cdb30c3,F,19690203,20140610
298ed6b8,F,19891025,20140919
ceecfdb3,F,19880306,20140606
0588c9b7,F,19920607,20140609
c221be17,M,19860703,20141218
f2ef6668,F,19820715,20140823
ed7dcede,M,19761001,20141117
b9668a5e,N,19880508,20150227
8442a5df,F,19800202,20140610
8111582d,M,19920531,20140919
cc29a262,M,19900902,20141008
04289a58,F,19680310,20140613
4462300a,M,19801218,20140916
f8ffa5de,M,19940314,20140617
5b0c5be3,F,19950417,20141022
2f61f967,F,19950420,20141008
0e7292f3,M,19960510,20140923
a3d7b922,M,19720328,20141125
52c0d855,F,19881118,20141212
369a2466,M,19950527,20140915
df5d8175,F,19950404,20141015
188a0a98,F,19771006,20141010
f5ae5269,M,19910924,20141212
198e5d14,F,19940212,20140909
64ac4732,N,19800416,20140904
33c114ba,M,19940528,20141201
28b74b05,F,19960306,20140606
f4fc9bda,M,19870604,20150129
288d5b00,M,19800520,20150102
6d59cbfd,F,19901001,20141021
a0092112,M,19870223,20150103
753a5576,F,19861224,20141124
45f979c2,M,19910124,20140909
47947d16,F,19810401,20141107
da1ad631,M,19920110,20140812
ea515516,F,19770428,20141003
83bf3b19,M,19851223,20140808
2c6fbd10,F,19910804,20140916
efe96d89,M,19741023,20140916
40af2206,M,19750109,20140808
ffa363b3,F,19690502,20140811
2922e487,M,19860623,20140715
6ea025d6,M,19840829,20141009
1fa73682,M,19880628,20140929
3faf67a2,F,19910811,20140901
16e28894,M,19830525,20140903
88d0c5c5,F,19660101,20140721
71aa16a9,M,19830105,20150312
03d32962,F,19920407,20141015
d4bcff0a,M,19950101,20140905
6df16aca,M,19830122,20140618
5ccbd69d,M,19880101,20141029
3c224771,M,19961010,20141113
3ebb34c6,M,19930412,20141004
06aa1953,M,19930207,20140917
9ed99c3f,F,19900522,20140825
2052aade,M,19940722,20141006
f47856b7,M,19570218,20141114
836901ea,M,19850805,20141218
2479c106,F,19910128,20140903
6eb9e7d9,M,19951202,20150304
f4d84dd0,F,19760514,20141030
1e6ee14e,F,19920408,20140826
57589a88,M,19940921,20140901
f1781b72,M,19660511,20141030
cd1703ae,M,19810701,20141120
4ffd5d92,F,19891215,20141106
1f975143,M,19770522,20141016
fbd6f52f,F,19900101,20141017
44dbac94,F,19780830,20141027
e7f335d5,F,19710312,20141030
24bc9f0a,M,19950604,20141023
0fd2b71d,F,19690902,20141029
564b38ec,F,19890424,20141013
1ea6ddf9,F,19800115,20140916
a02319c1,F,19941003,20141113
f1d08a6c,M,19860727,20140930
44fe6e95,M,19870610,20141106
09d2aede,F,19920212,20140930
6001928d,N,19880407,20141014
25292bbb,N,19960607,20141016
ece7fe13,M,19750612,20140425
e0c629c4,F,19711013,20141010
e41488be,M,19770425,20141009
080fa3f2,M,19950727,20141120
9be3127e,N,19900618,20141218
bf5e20f1,M,19921002,20141230
c0ba32e2,M,19941226,20141217
d7a2a6f2,F,19910813,20141031
cdf39326,M,19761207,20141212
424f4a46,F,19900407,20141021
3c44f2e7,F,19831220,20140926
14c549cc,F,19891003,20140924
db613a4e,M,19960119,20140923
ddc84f02,M,19890715,20141204
b628c09f,F,19830622,20140514
2fca85cc,M,19860606,20141212
004be95a,M,19850507,20150120
22a0d06e,F,19771215,20150206
c4fd3052,F,19910621,20140919
a2168614,F,19840205,20141021
81d1d990,M,19820914,20141216
de8564e2,F,19840408,20141119
1448fbb6,M,19870628,20150109
6a62c533,F,19770622,20141022
4a5d59db,F,19861224,20141022
b60edd61,M,19920323,20141126
81490c62,M,19910315,20141009
775f21f1,M,19920503,20150103
c9065e34,M,19921127,20141125
b0c922d6,F,19620730,20141017
19ae9666,F,19811023,20140926
0154a4f7,F,19920701,20141014
e052fb4c,M,19650223,20141013
c93154d5,M,19910311,20141118
cf8dfa74,M,19650616,20141124
39490de8,N,19920307,20150506
6aca61c9,M,19950724,20141112
031eb754,M,19911223,20141126
1189e16b,M,19651031,20140908
be879e7b,F,19861121,20141120
9a9f6124,F,19881002,20141126
c3443549,M,19930929,20141006
d221572e,M,19841211,20141020
d4e50a20,F,19820320,20140909
c28560b2,F,19720613,20141120
217aebc9,M,19691207,20140731
26964c93,M,19901127,20140820
56fbf2bc,M,19900909,20150115
654d6d07,M,19891110,20150118
375702f8,N,19820525,20140729
4d45b730,M,19941124,20150114
61f4a06a,M,19870323,20141113
c327eb27,M,19920809,20141218
c1554742,M,19870810,20150120
cf61214a,M,19880516,20141114
e6a82ce4,N,19840824,20141127
404e3048,F,19860101,20140818
9320efcf,M,19920626,20150129
fd21344e,F,19840924,20140913
b87b3577,F,19890717,20140915
9e800aea,M,19960724,20150127
2a064cb4,M,19880218,20141106
ec8c9f26,F,19950705,20141005
f6ad1757,F,19900509,20141127
b8e42ff7,F,19750811,20141104
03b54e9e,M,19790721,20140820
157dfc84,M,19821019,20141121
9400aac5,N,19850509,20140916
11fcd7a5,M,19860113,20150123
4309184c,M,19800515,20141103
adef0abe,N,19910215,20141218
8face292,F,19910301,20140721
11d5ee7f,F,19880424,20141005
ff621899,F,19900920,20141022
963a9359,F,19900511,20141031
fef61d20,M,19920220,20140923
0fe57c01,M,19820524,20140908
cc5893d2,M,19811006,20140904
0dafe632,F,19940815,20141016
dc20148e,F,19850722,20141028
4c67fb7b,F,19950205,20140827
0679ace0,F,19941024,20141112
5ed6219e,F,19920527,20141203
4c5d6992,F,19810401,20140903
7c1343f8,M,19820715,20140902
6bea849f,M,19780306,20141119
66424988,M,19900601,20150115
7071e295,M,19940404,20141024
36da8940,M,19921201,20141204
b8fbd01b,F,19830110,20141028
39093b89,M,19950420,20141017
8cd6d6e7,F,19940613,20141027
30490ce7,F,19940724,20141016
1cda636a,N,19730701,20150212
2194c218,M,19930215,20141218
bef53d3f,F,19821022,20140828
442de393,F,19721116,20140827
2975bd8e,F,19690221,20141014
15a4d6cf,M,19600322,20141111
1d6ef3f0,F,19950509,20140923
dd5c50ce,M,19931015,20141030
3fec5883,M,19621003,20140815
9c3dd888,F,19810105,20141103
3201af6d,F,19901107,20141112
9446f109,M,19901128,20141010
5180808f,F,19900823,20141021
83c1ea59,F,19951004,20141021
4c411080,M,19840501,20141014
0b7b0601,N,19900411,20141029
7bd3f921,N,19920924,20140901
313d45c7,M,19890605,20150204
8f7d7be9,F,19821118,20141112
735a13fc,F,19931208,20141012
e477fbbf,M,19910223,20141016
b6a3819e,M,19950307,20150114
d1210819,M,19760125,20141223
5958cc7d,F,19761010,20140901
6fd0c9e3,M,19930827,20150108
91a476e9,F,19811103,20140903
0356daf6,F,19910126,20141119
be887340,F,19920712,20141016
1d4669ec,M,19880126,20141203
9847354e,M,19700303,20150122
c9311897,M,19890303,20141121
3e9aa836,M,19891010,20141117
1162c66d,M,19811020,20150109
e08ca3ed,M,19930125,20141118
49c55d26,M,19910408,20140930
7a575246,M,19871010,20141030
7ef847ac,N,19950708,20141216
13b2486b,M,19880717,20141107
d7dcef2a,M,19830606,20141106
4929f561,M,19851212,20141101
7d89dfdc,N,19790407,20141119
d3cb08fe,M,19751010,20140924
9c7bb150,M,19921029,20141126
c7252fd2,F,19870815,20150117
aca0ff4c,M,19850930,20141107
a5d4122d,M,19920101,20141029
e076b902,F,19690101,20141104
652812fb,M,19780826,20140917
4a9c6ad7,M,19870910,20140901
ba82c389,F,19921022,20141225
0f9e8d7b,F,19870713,20141212
4b2c7ea1,N,19880917,20141015
60244005,M,19790102,20140923
e61df269,M,19910819,20141104
54fb8903,F,19820815,20141007
c3a746e1,N,19940316,20141221
6f1994fc,M,19830901,20141211
e31bafc2,F,19890218,20141103
0fbb1bbf,F,19850527,20140911
331a5ede,M,19910420,20141218
772e1e0c,N,19811228,20141222
1d6b2a2c,M,19850921,20141209
1b455839,N,19850106,20141020
77464da6,F,19660506,20150115
fc958733,F,19930108,20141203
5e7c49ca,M,19800421,20141119
a2e43a9f,N,19800409,20141128
6fbc6d56,M,19940927,20140915
259d0b8c,F,19720514,20141015
6d419da9,M,19550720,20141017
8206de08,M,19850711,20141104
4f58d0fc,F,19800714,20140829
9884faa1,F,19921015,20141211
c777849a,M,19880402,20141202
36a1d2f6,F,19920127,20141016
fbed3fd8,M,19940101,20141209
bab3c7f8,M,19950310,20150205
a3036912,F,19880215,20151102
cd6b7d1d,M,19910915,20141202
68fea0f8,M,19690106,20141215
7f55be07,M,19830516,20141029
c40bd03e,M,19770226,20140918
0c9c1f29,M,19820525,20141209
b8289b24,N,19800314,20141030
60467060,M,19870618,20141204
b61f102e,F,19880928,20150113
c5786bdd,F,19920613,20141007
080b0e75,M,19870823,20140920
6ea3f727,F,19940426,20141204
57312a4f,M,19930520,20140924
f274dd45,M,19900101,20141009
9aa2b772,F,19860530,20141028
8fda3a81,F,19860713,20140819
6493872f,M,19920715,20141022
d47a6cff,F,19920324,20140818
88326dc4,M,19940427,20141003
41e06273,M,19870921,20141218
fe52a4cd,M,19930101,20141002
80ca07b8,M,19730211,20140829
74415ea4,M,19741009,20140819
7e39d693,F,19940101,20141010
b6565e10,M,19910617,20150120
ceb83ab2,M,19940703,20141204
cd149f28,M,19771218,20140929
7679d412,M,19751110,20141208
a3f7164a,M,19920525,20150120
761a3f09,F,19950825,20141119
61605169,F,19950806,20141023
8aa795fb,F,19880924,20141126
14e2f030,F,19750812,20140815
c93556d3,M,19860711,20141126
542fe004,M,19880723,20141202
2f00e0a8,M,19820701,20141017
ecad0af0,F,19950428,20141001
73276506,N,19401201,20141210
5c9da2bb,F,19881104,20141021
f10897f5,M,19930710,20141002
e930eecc,M,19890706,20141007
57213420,F,19931023,20141124
612dd61c,M,19930715,20141008
b2dbf089,M,19790316,20141118
a9afed60,F,19800213,20141121
f947e8c6,M,19940102,20141217
f7fe1751,M,19940101,20141021
d8862fe9,M,19940305,20141002
f993c6fe,M,19930107,20141117
f7fc8948,M,19700428,20150116
7ff49f8e,M,19890523,20141118
d9b7a8e4,M,19830727,20141010
5197ca54,M,19720613,20141222
cb6a0b69,M,19920416,20141018
fd449f00,M,19820913,20141006
aa41d347,M,19851129,20141129
ff416479,M,19850211,20141016
be370ef4,M,19740618,20150110
d7d711e8,F,19860217,20141112
8f0e5a0e,M,19741216,20140806
4cab655f,F,19950924,20141018
234aac72,M,19780407,20140805
670f9a5a,M,19831103,20140828
2267b2ad,M,19891231,20140805
d53597c8,M,19961010,20140925
947a10cd,M,19790220,20141016
2ee18e90,F,19920618,20140807
7cb6043f,F,19840101,20140924
d1d83ce1,M,19860213,20141231
82d4f38b,F,19560811,20141016
579de4d3,M,19950717,20140806
665b4763,M,19920803,20141220
e4cfcc41,M,19781215,20141003
c47b5fbf,F,19780101,20140902
b58a9cfd,F,19860620,20140910
b1ba172c,M,19860119,20141218
1b8eef3b,F,19750423,20141215
a977086d,M,19950414,20141201
3d33e75a,M,19930101,20140923
81ae1196,M,19771116,20140821
18b63055,N,19880720,20141222
6b04bbbb,M,19941117,20141202
72b1b865,N,19870627,20150108
258ac2a5,M,19960312,20141217
79a58c07,F,19841021,20140925
f752e40c,M,19941231,20141130
fba24881,M,19900701,20150114
82fccdfe,M,19680613,20141112
a6284c51,F,19640113,20141019
2fccf392,F,19920808,20140820
6d86a496,M,19810421,20141025
566a9c28,M,19760116,20140822
fbe14af4,F,19920301,20140919
b7011e0a,M,19881216,20141008
a9b5daf6,F,19580607,20141212
3f42af2e,M,19820902,20140825
a1fdd2e3,M,19821120,20141218
22877a5e,M,19920422,20140825
c03b00ef,F,19920812,20141204
12585a37,M,19880706,20141027
5f463f30,F,19921121,20140915
e2bd5c64,M,19490601,20140731
8eb0b495,M,19941212,20140929
f16fe22c,M,19890309,20141025
63b83b52,M,19790102,20141219
0eed394f,F,19920506,20141211
add94ddc,M,19800509,20140923
30355313,N,19841124,20141014
260fd458,F,19900818,20140905
ebfaeed4,N,19921203,20150220
9cf35213,M,19731220,20150113
5194afbd,F,19800715,20141017
a7b64427,M,19940525,20141224
eff7460b,M,19870619,20140730
b2ab087f,N,19751113,20150113
bf04718e,M,19940920,20141022
f65b53cc,F,19920517,20141014
e82e986b,M,19860414,20141106
473f60f9,M,19820926,20141112
fa2e61c5,M,19830606,20140904
31d8d672,M,19950503,20140809
5b3eb061,N,19960604,20140909
dcda49db,M,19751220,20140820
846e52bf,M,19430503,20141020
554d6ca8,M,19640505,20141114
dd7d94dc,N,19850220,20141212
c0093799,M,19870101,20140903
a6196801,M,19920814,20141224
8e5bed58,M,19820511,20141001
0b545243,F,19950928,20141128
37c9c731,M,19951122,20141103
e6d7cbd2,M,19850307,20141014
b6f384b3,M,19851003,20140930
5e3a46aa,M,19930315,20141125
dac5d187,M,19931210,20141201
5bd8e933,M,19821010,20141010
eefb0df6,M,19841020,20141022
49ebf4ad,M,19790929,20141111
665d3227,F,19860303,20141103
02cea4ab,M,19920116,20140820
ba944ede,F,19920414,20141002
0064af54,N,19660403,20141128
01810afa,F,19771126,20141011
0e57f7dc,F,19840112,20141121
86a4a953,M,19930706,20140929
ab8df244,F,19830824,20140820
6ec7d8f5,M,19840617,20141028
e11ea1c3,M,19920210,20140912
3aab8f1e,F,19570101,20141003
2bce3d63,N,19840903,20140822
8ef6fcea,N,19850712,20141013
c299b9ea,M,19920206,20140820
27a9c005,M,19841217,20141104
16490d31,F,19941224,20140924
b557fee4,M,19940822,20141005
c6019546,M,19930508,20140925
08d706b6,F,19720204,20140930
771ddaea,M,19940327,20141016
af749d16,F,19940311,20140912
3dc06c9c,M,19940610,20141013
269cbf8a,M,19880424,20150213
e3f5fe8d,F,19960226,20140822
1df7dbc5,N,19721001,20141222
5bf8a827,F,19901114,20141009
564b442a,M,19960706,20140821
14f963ee,M,19921127,20140912
8b689c66,M,19690918,20141027
e1de62a7,F,19750724,20141215
9d720637,M,19930527,20140912
462ddb64,F,19810618,20140805
f112b42a,F,19900618,20141031
cb676125,M,19750510,20140724
498fcc19,F,19920916,20141217
fe4d094d,F,19960718,20140821
b90446bb,M,19670723,20141118
56588275,M,19910414,20141212
1f6ab9d2,M,19740923,20150220
3d1c4ee1,M,19841225,20141126
056a9601,M,19761012,20140919
5063099d,M,19790310,20141017
5d17482a,F,19940824,20141010
cc67e6f7,M,19541225,20150228
ed707c9c,F,19731209,20141210
30793955,F,19940213,20141029
ec7dfe4e,M,19891128,20150128
27d7cc0a,N,19860407,20141010
30b54331,M,19701119,20141118
7d00fc3a,F,19730106,20141203
bbdbdb43,N,19810110,20150216
a1d8655c,F,19710101,20150119
f589447e,M,19861225,20141128
a20aa5b1,M,19790525,20141205
4bd4de1f,F,19910131,20140723
047e561b,F,19880927,20141017
4bd1155a,M,19920324,20150331
51e98eb2,F,19760826,20141028
1f85e5bf,F,19680427,20141203
02e057b4,M,19790308,20141203
b4841b63,M,19940225,20141013
af118a5e,F,19910304,20141103
051dbcef,M,19840404,20141017
baa33b0b,M,19740306,20140826
17a9fdff,M,19740504,20140814
9a0ef3d1,M,19900815,20141107
30fc22ee,F,19741104,20140917
b2af7fd7,M,19960303,20140923
a3b5ff34,F,19630626,20140918
ddcab498,N,19861129,20140918
e5b1bea8,M,19801201,20141023
2cfdfd09,F,19950202,20141021
e81998dc,M,19610407,20141030
b0aae48a,F,19701013,20141127
937cf0af,M,19900325,20140806
19800361,M,19941207,20150203
bb1e388a,F,19820802,20140822
aaaaf745,F,19960705,20141028
680d95a7,M,19960806,20140904
b160a361,M,19810828,20140822
6b8c8bb9,F,19910609,20140804
cb2a93db,F,19921026,20141029
3f560f5c,M,19940515,20141120
3382f02d,F,19900415,20141127
11f28bb5,F,19920202,20141104
4f94f29f,M,19831218,20140910
66578cda,M,19910627,20141030
cd6dde9b,M,19910127,20140724
b4bf77d6,F,19841130,20141217
d9473f04,M,19850226,20141202
cea7d906,M,19930522,20141031
2628c025,M,19471224,20140825
4bd17a7a,F,19900625,20150112
a6cd1abc,M,19860427,20141108
f839b456,F,19930708,20141217
378a9d05,F,19670701,20141107
4640bcf3,F,19940519,20141124
f26c0fef,N,19760606,20150311
f771ff1a,M,19861025,20141210
bcc3bb2d,N,19670101,20150211
535bb62d,F,19851230,20140910
67cd05f6,M,19821217,20150112
b5aa9c23,M,19910505,20150121
c886e1dc,M,19871117,20141022
88a30b9e,M,19800102,20150120
bffe39da,F,19901204,20141104
226bfc4b,F,19860525,20141030
ee7575ed,F,19900528,20141022
bfde0b8b,F,19930611,20150123
85f3c730,M,19920226,20141021
af6a1f2c,M,19921103,20140808
0f88bf75,M,19950213,20141107
66d0d2ad,F,19940516,20141106
fd2b36ff,M,19961024,20150119
96283034,M,19881124,20140808
1fd394b4,M,19860430,20141023
8631b2af,F,19930404,20140911
2ee71d46,M,19920726,20140908
4e61a5e7,M,19930321,20141111
80087e5c,M,19900628,20141027
eb9a901f,F,19861122,20141111
b84e1938,F,19940816,20141107
f09a1c73,M,19870409,20140925
a8e0be14,M,19691109,20141111
e2b59cb9,M,19820102,20140924
8449f2a2,M,19860329,20141022
1a8616d9,F,19921018,20140908
35de2ae3,M,19640604,20141014
5cbb1997,F,19900520,20150123
908a6673,F,19850526,20141010
3b20ca56,M,19720301,20150106
16455896,M,19850905,20140929
637ea376,N,19721108,20150114
dfcb243a,F,19850415,20141017
a4de9321,F,19830611,20140812
0758bd57,M,19930808,20141024
1868e619,F,19740401,20140903
e320dc7d,M,19860215,20140611
ffc1b510,N,19940602,20150106
82f4e03a,M,19881211,20140908
c2e0c2f4,M,19870127,20140908
77a612bd,F,19780315,20140611
7ad89c4e,F,19620102,20150317
a0e9aa80,N,19700625,20150325
23f99627,F,19820317,20141013
e07ba6c6,F,19900406,20150224
d1bdfebc,F,19830511,20150311
6972eb8f,F,19890728,20140704
120803b4,F,19851112,20150304
33071d1a,F,19950101,20150221
1709d7ce,F,19940909,20141112
1c235583,M,19880514,20150209
443f0bb5,F,19940825,20150311
64762d06,F,19930304,20141026
b41daecc,M,19931110,20150218
4ac46226,M,19890325,20150305
fc0e4b56,N,19840916,20150217
fb101df5,N,19760611,20140914
ed179f0d,N,19850330,20150226
0a5ac3aa,M,19800219,20150216
555b168b,N,19940318,20150312
e4f78b2b,M,19880705,20150211
58a42c69,M,19941205,20150218
3ded58e1,M,19900612,20150209
ad72461e,M,19810201,20150313
79e043cc,F,19940316,20150310
6ccb211a,M,19820616,20150316
1522fab5,M,19930530,20150223
d402b5b5,M,19890620,20150202
c1b5d7ca,F,19930331,20150305
2520b336,M,19910924,20150305
180e5a92,M,19900509,20150317
f1e28c32,F,19780715,20150217
830051ff,F,19910119,20150224
f45a3abf,F,19870401,20150612
044f53d1,F,19950526,20150310
194cfaa1,M,19760611,20140914
339972ff,F,19820120,20150227
bec2bac6,F,19930710,20150417
d1430fbe,M,19890323,20150225
4848e054,N,19770417,20150623
3e0527b5,F,19911201,20150227
3bbb5639,F,19801225,20140915
8a6e1ad5,M,19950508,20150408
39ae43dc,M,19681229,20150206
d4e9113c,M,19841011,20150415
ed266ae9,M,19720101,20150303
fc1e6a0b,F,19791106,20150303
260baca2,M,19871220,20150216
f2bd19bb,F,19920929,20150311
92348a02,M,19880804,20150319
ff5b097f,M,19860927,20150226
ccfa2ba5,F,19840323,20150218
d48a9a02,M,19711223,20150227
60bf2aef,F,19890106,20150227
aabc6889,M,19870515,20150302
083746d5,F,19870207,20150206
a56aa478,M,19890112,20150515
12bdc0fb,M,19730401,20150225
f379cfda,M,19910217,20150320
3475906f,M,19901004,20150310
abf85ec0,M,19900606,20150225
566b3a01,M,19830714,20150221
4768bcee,M,19860505,20150318
718da0ca,M,19880517,20150320
a6cdca82,M,19880730,20150324
fe999856,M,19930622,20150407
65442f23,F,19930214,20150319
37d365eb,M,19960204,20150420
dfff4893,F,19920202,20150225
c7a1c658,M,19900207,20150218
ee9643f0,F,19930810,20150227
193aa7f6,M,19850909,20150407
1fe48ec6,N,19910430,20150324
42eea872,M,19891012,20150409
7a18097f,N,19820317,20150416
50c50dbc,M,19940926,20150225
390b4faf,M,19890909,20150223
520b1994,M,19920420,20150218
4ec92383,M,19951015,20150311
544e865d,N,19760202,20150225
bf6ac306,N,19740514,20150309
5366bfd7,F,19720429,20150218
2ffa4792,M,19930402,20141027
bfcd6226,F,19880506,20150220
5a6ad377,F,19960101,20150304
e262d971,F,19810701,20150210
bcea6339,F,19940301,20150225
4ccfcbc9,F,19900617,20150304
53c807bf,F,19860928,20150220
8535e3f7,M,19940425,20150228
caf1a696,M,19890522,20150219
db288040,M,19650125,20150318
dcc3a4cb,F,19870716,20150227
04eb3e97,M,19831019,20150209
657c1fdc,N,19930812,20150416
f02e69a9,M,19780826,20150227
74c77a66,M,19770504,20150220
e9dcacf3,M,19881010,20150223
15c1f929,N,19751125,20150313
b8c454a5,F,19821013,20150222
fc1affc9,F,19940323,20150223
76abf38e,F,19900619,20150311
2388b356,F,19770402,20150218
a2445ced,M,19881028,20150304
dd39930c,M,19730413,20150414
eecfe128,F,19940101,20150218
1f6e6960,M,19810707,20150416
f096863c,M,19840115,20150226
6c808460,M,19910712,20150430
e2f8d9e7,M,19850920,20150429
36a3544a,N,19960215,20150320
31bbccf8,M,19770101,20150318
65e8347f,M,19790615,20150430
5ab98b6c,M,19870622,20150329
39104a6a,N,19860101,20150213
1453782f,F,19870821,20150526
bd2752c0,F,19930630,20150331
2c4d3ab8,N,19850802,20150324
f1d1fd67,F,19951022,20150416
fefdca3d,M,19890811,20150428
15c2467e,N,19730809,20150323
4ebd5d1c,M,19911008,20150415
42254ced,F,19951005,20150223
b44b1147,F,19921219,20150415
9e371ecd,M,19870305,20150410
f13a321d,N,19870321,20150427
81fd46fc,N,19760721,20150331
5a274fc8,F,19940915,20150413
c0c0ad6a,M,19900101,20150603
3503674f,M,19830325,20150327
5c299d8c,M,19911014,20150227
0f5d932d,M,19870117,20150513
f0ed0415,F,19880509,20150420
48acf0fb,M,19831117,20150327
4e91d9af,M,19930213,20150313
bfe4f05f,F,19860414,20150227
d22e9505,M,19850515,20150402
5b95b1a6,F,19950908,20150415
ca9ae6db,M,19770101,20150409
818560bb,M,19840911,20150604
6e05bf03,F,19900808,20150318
a55e1cd9,F,19920129,20150513
9ce9b9e4,M,19720303,20150313
565ef6b6,M,19841219,20150323
95e9def6,M,19790702,20150223
e0c3786d,N,19850703,20150331
66e7c4a0,M,19930101,20150519
be58e0f7,M,19920202,20150529
d0c7c145,M,19791019,20150401
243d7cd7,M,19920101,20150213
617c523f,M,19860104,20150402
536b0505,F,19760101,20150426
c45fa7c0,M,19910101,20150805
a050180b,F,19870608,20150617
9e1f5033,M,19650314,20150220
862e0a4b,F,19870626,20150324
845e17ec,F,19850101,20150211
bc8240ad,F,19921222,20150206
4df60ad6,M,19910720,20150313
de1d2b11,M,19940720,20150307
c6ee68b4,F,19940310,20150327
3b6f8bc5,N,19710927,20150302
b23f26fa,M,19911025,20150316
4c40dcdb,M,19641114,20150325
b81dc145,F,19921015,20150310
62a3e15f,M,19770411,20150328
d3db35b8,M,19780101,20150317
5f6e5bd0,M,19680815,20150513
28de1862,M,19880401,20150416
0b420bbb,M,19961021,20150305
8683522a,M,,20150313
682c0017,M,19751113,20150601
8366c579,M,19900803,20150227
a20646f5,F,19900801,20150414
35bd0352,M,19850323,20150319
744779c0,M,19840529,20150305
51060c7e,F,,20150422
8513789c,F,19950120,20150224
108e17c6,M,19920410,20150319
2f29b256,M,19710607,20150328
8b628b64,F,19740909,20150323
ad116505,M,19780325,20150414
b4108286,M,19790611,20150331
77650136,M,19940320,20150420
b2ae1f02,M,19770916,20150318
6e29df29,M,19950914,20150304
aca7c134,M,19890924,20150327
f1dfced9,M,19620710,20150220
462c1810,M,19910708,20150227
b16caccb,M,19940327,20150226
58968f68,M,19770127,20150227
f2ef804c,M,19960401,20150304
334b74c0,M,19780624,20150415
2f947eb6,M,19840630,20150331
16fddf26,M,19881231,20150224
836090af,M,19880825,20150210
639007eb,N,19941125,20150323
5a8c5dad,M,19891220,20150511
a6245558,M,19580312,20150504
f94b7812,F,19781009,20150603
9a8b7ad3,M,19760901,20150625
55a15120,M,19820713,20150513
6c1185c3,M,19750610,20150327
fa518e76,F,19920811,20150506
93eed5dd,M,19950813,20150309
22f57e1e,M,19651101,20150401
dab89757,M,19941030,20150507
7fc082bb,N,19931117,20150526
b21aa14e,N,19710525,20150505
bb44f36a,M,19880812,20150218
af3d6084,M,19720501,20150603
077c6c1d,N,19620825,20150430
b02b09a7,N,19870502,20150513
38a1071b,N,19930818,20150515
555a72d8,M,19900413,20150429
c9283773,M,19770415,20150511
c5a87ee0,M,19920920,20150506
a5e6fd96,M,19800211,20150515
42cd1970,F,19900801,20150428
abea5b8b,M,19890202,20150608
7f19280e,F,19810916,20150423
80dcb947,N,19940704,20150425
ae08cef8,M,19940316,20150310
f4e8fca5,M,19860217,20150506
f6b58c9b,N,19880608,20150427
486069cf,M,19770314,20150508
72133466,M,19830928,20150422
f9ab8cef,F,19950507,20150511
2819e8ae,F,19860507,20150512
d3ee8730,M,19880913,20150514
a31edd95,M,19870626,20150422
0f5213c4,F,19950604,20150519
329bdc2e,F,19901105,20150505
0113fc81,M,19910520,20150331
6826ced5,M,19860708,20150423
6b2ce86c,F,19901104,20150420
48f7e557,M,19930204,20150331
3d8a1b08,M,19911111,20150506
47a53dcd,F,19920824,20150402
25aa3ec6,M,19720815,20150506
2a3f6424,M,19930211,20150401
f85b870c,F,19770119,20150708
d00a4fc9,M,19610116,20150612
78d7ca42,M,19830820,20150414
10518a8d,F,19730902,20150513
0838e8ff,M,19680701,20150414
4c8f894d,M,19860804,20150408
02226664,M,19950514,20150522
07a754f8,M,19880101,20150413
30e16739,N,19830414,20150331
c5cf6959,F,19870824,20150415
af663eeb,M,19750421,20150421
5df536f6,F,19770923,20150514
f2f2b1dc,M,19940305,20150330
fcac347d,M,19661009,20150408
4820d19a,F,19901001,20150411
2a219291,M,19870220,20150402
9b06cf77,F,19870103,20150326
cb244d0b,M,19600101,20150331
ade13291,F,19900509,20150331
ee6f9323,M,19830206,20150511
858170ce,F,19930421,20150423
5a5d90b2,M,19790520,20150413
3df18f2c,M,19930730,20150421
0bb39986,F,19921010,20150409
4aa09028,N,19841125,20150323
d9e10ba8,M,19890710,20150323
7fd77bb8,M,19880505,20150424
7c58f76b,M,19850410,20150413
0bdb85c6,F,19831102,20150324
86459297,M,19870729,20150323
41d898bf,M,19890107,20150312
4b0e0745,F,19750118,20150326
fd8e97ac,M,19941204,20150318
52c50ada,M,19690801,20150331
504024fb,M,19830330,20150311
4d5e0281,F,19870131,20150408
50d3be7f,M,19770819,20150311
951c2fc9,F,19890308,20150331
40556157,F,19771107,20150318
cd3dc271,F,19770317,20150330
70988b82,M,19860807,20150312
3d16f856,F,19890101,20150312
9b636d97,M,19750719,20150312
4afdf65f,M,19901002,20150312
8f1d6dd0,M,19950919,20150416
cc78fe33,M,19891213,20150316
82911edb,M,19620101,20150308
a1fb0c4f,F,19620205,20150317
b501e82c,M,19920714,20150306
3b891594,M,19870131,20150318
8caa6822,M,19820204,20150413
5fe0df63,M,19830211,20150410
17c623a8,M,19840613,20150319
ac6f0fec,M,19890927,20150305
3cf4bd27,M,19950405,20150417
11656467,M,19930815,20150318
6424aebc,F,19621111,20150311
9457633b,F,19830401,20150401
9aba67b6,N,19780626,20151001
bbfc2117,N,19940804,20150316
93f838e6,F,19911219,20150415
c2caeae0,M,19920824,20151007
87ca3f96,M,19900320,20150410
793cf356,M,,20151124
8ee3be32,M,19760226,20150415
af121f6e,F,19910702,20150313
43a3b823,N,19740914,20150618
ee3bc924,F,19891102,20150408
66d4ebbc,M,19870312,20150622
1cfb3a87,M,19720410,20150629
1dddc9b7,M,19790506,20150930
5821cfda,M,19820121,20150610
5d59af40,F,,20150623
9a3c9eba,M,19851026,20150817
970a1d0a,M,19871217,20150623
b81ab6de,M,19890807,20150630
8dad4430,M,19690904,20150811
50c426ce,M,,20150804
4ed4b3cc,M,19730722,20150714
f198b552,F,19900112,20150708
37d42b96,M,19900929,20150522
4906d459,M,19830306,20150312
5d57adf0,M,19741024,20150715
0b04bdee,M,19900718,20150618
ba079bd9,M,19770903,20150616
7d195f09,M,19730813,20150617
7b30aa1f,M,19650420,20150710
b072ebc7,M,19881029,20151015
f8a45099,F,19910527,20150705
dab30f77,M,19871007,20150805
66decbc3,M,19900320,20150706
379f142a,M,19901106,20150611
de6907b7,M,19670823,20150630
a3caf78c,M,19790305,20151001
153cda12,M,19740827,20150513
cac1b898,M,19870604,20151027
dfeaa0fd,F,19921123,20151215
75b7de2d,M,19601224,20150508
3c0f91d4,N,19900829,20150723
62faaa34,F,19680101,20150709
3555ce1c,M,19880803,20150711
5b9aa15a,M,19871111,20160212
8d4d060a,F,19800801,20150504
4b3d71af,M,19740919,20160214
942f7a7e,M,19890228,20150715
c4f5bf84,M,19890629,20150708
7c9e5780,M,19770615,20150514
42daf990,M,19800304,20150513
f131e647,F,19960505,20150520
98af3be0,M,19800102,20150601
b66aedf0,M,19890917,20150508
dd3e0113,M,19860615,20150512
40d54e42,N,19860512,20150527
548cd1bf,F,19850222,20150507
ecb35951,M,19930329,20160216
ec6ed6c5,M,19770622,20150616
22b4b613,F,19890716,20150505
8362a0ff,M,19870417,20150519
3d9078d5,N,19910613,20150506
aebc6d15,M,19791028,20150428
fc14e201,M,19850422,20150512
d29132f3,F,19891113,20150622
3dbed8f7,M,19931004,20150518
df4c82dd,M,19751109,20150508
17909cfe,M,19930307,20150513
20067f5a,M,19910301,20150512
1077412e,F,19770602,20150522
1f71bc4a,M,19720410,20150615
117d21b6,M,19890702,20150608
6872d2fa,F,19840906,20150605
7452648c,M,19760823,20150612
2c41f495,F,19880617,20150704
f006aef4,N,19880808,20150529
6f830b82,M,19871206,20150609
58e97da6,M,19800523,20150623
ad29e52b,M,,20150623
007071f7,M,19930611,20150622
b85397c8,M,19820304,20150514
aa41c270,M,19950828,20150518
27e450b9,F,19931207,20150506
e8376c71,M,19861128,20150528
66b2c7b0,F,19931109,20150608
5ed2c9ec,M,19900507,20150708
729b8d8c,N,19820227,20150514
c8d27eab,M,19940603,20150710
0dc67b8a,M,19831005,20150821
792884ef,M,19851030,20150608
18760555,F,19650314,20150508
a8b5a15e,M,19810213,20150603
143db74d,M,19940104,20150511
e2cfb701,M,19831130,20150615
dd3989ea,F,19770722,20150529
7a80416b,F,19840320,20150604
d35c876d,M,19930815,20150511
54f382fa,M,19960314,20150616
a4012329,M,19680615,20150615
42b7481d,M,,20150827
5d287e37,F,19940403,20150526
02027006,M,19900606,20150629
68ab5a41,M,19870622,20150612
733a9c75,M,19880518,20150608
67ae476f,F,19790928,20150513
147a91a9,M,19920606,20150513
cd65fbe4,F,19940614,20150706
fb77590e,M,19930312,20150721
0f8b09c2,F,19830101,20150522
40b94c86,M,19820815,20150522
a7d77d08,M,19911121,20150602
1461edaa,F,19870101,20150608
42db40d1,M,19890319,20150624
7506eb56,F,19910915,20150520
c4f112a9,M,19760607,20150521
2336e2ce,F,19791102,20150528
7d9a6bc6,M,19890301,20150612
9f0d39c9,F,19920824,20150512
b640b91f,F,19890916,20150604
1eb5581f,M,19911109,20150513
86638072,M,19880515,20150423
95236fd4,F,19850101,20150428
4989e112,M,19950528,20150511
968322b7,F,19801126,20150427
94369f06,N,19900416,20150504
a0b1cb29,F,19890401,20150429
66d63905,F,19851127,20150521
2ac4e7a3,F,19901201,20150420
0cfa2b7c,F,19860426,20150617
b6900edd,F,19910316,20150430
3d3ef3d5,M,19620101,20150422
f415a1c2,M,19740820,20150522
e1d8233e,F,19781129,20150420
96610926,M,19780722,20150423
52d158be,M,19840101,20150522
690a61af,N,19760218,20150724
528919da,M,19920201,20150514
e787cdb5,F,19680414,20150421
389a038e,N,19960414,20150512
b3456263,N,19800101,20150424
47f38763,F,19850505,20150514
add80ef3,M,19910101,20150415
71bd2568,F,19690213,20150505
6e473d3c,F,19901027,20150417
5c34acca,F,19651105,20150402
fec7d91b,F,19830401,20150618
2bed0613,F,19880306,20150413
0d2b0057,M,19941215,20150809
062f8921,N,19941017,20150409
18ee0f69,F,19771207,20150618
eccc332a,M,19871009,20150614
528adb86,M,19850121,20150418
a480dafd,N,19940407,20150324
c4137a4d,F,19880525,20150417
30ed35cb,M,19880102,20150528
e1d2fda0,M,19910403,20150810
b6aaf088,F,19860207,20150615
ee375a52,M,19870505,20150408
7a0f7903,M,19790205,20150326
774c93c8,M,19871214,20150331
a60c8a68,M,19740804,20150408
3deabf1c,M,19920628,20150522
ce8b32e1,N,19701117,20150409
8a999839,M,19790501,20150330
13e37eb5,F,19710214,20150415
b0a551ad,M,19920124,20150701
b6ea4d67,M,19860304,20150605
4973e652,M,19900707,20150618
62df9a93,F,19610101,20150626
af8b9b73,F,19881216,20150324
fd66aa12,F,19810221,20150320
ba2f6da9,M,19940826,20150609
d07e4254,M,19820101,20150616
2ecb8b64,M,19871225,20150618
882fb723,F,19810719,20150619
ce6914de,F,19830106,20150420
3954a1ed,M,19960725,20150814
e987f6c6,F,19721009,20150814
28e9141a,F,19930630,20150707
86c69a84,M,,20151026
3c4aa4f4,M,19850101,20151026
ebf8f899,F,19800428,20150413
78fae0f4,F,19690717,20150624
82d4fc96,N,19901212,20150331
ec8542c7,F,19780911,20151027
5d038013,M,19951006,20150707
9d062744,N,19710623,20150204
58ae007a,N,19920609,20150325
9eefe057,F,19690101,20150416
4f1f4def,N,19740719,20141019
9e96f28d,M,19961031,20151020
7b0cf4eb,M,19730615,20150329
bf65e03f,F,19610720,20150128
555b954c,M,19940824,20150706
7bc3ef8a,M,19830712,20140812
759189cf,N,19640407,20150316
26c9e0a4,M,19500305,20150131
05e8b2d1,N,19840603,20150131
930024d0,N,19740101,20150326
09304e9f,M,19840915,20150605
4df37833,F,19881204,20140813
31357d86,F,19700331,20150124
c3268f01,F,19920723,20151022
440d4e13,N,19790707,20140826
2262181f,N,19690402,20150316
ccd53a5c,N,19680103,20150129
a5a37ea4,M,19840808,20150709
7a6a9698,N,19901105,20140911
85f4e436,F,19810208,20150317
c7918d6f,N,19920401,20141121
a25fd927,N,19630715,20141017
16366b7e,M,19390615,20140818
43730417,F,19590517,20150131
d8fce7ee,M,19470101,20150408
b8af7298,N,19730706,20141229
7ebfd2ae,N,19621201,20140818
c9c5857a,N,19720201,20150131
9b78f5f5,F,19770607,20140811
be84ee6b,N,19890714,20140816
014c3630,M,19750101,20150724
fd47c5d0,M,19851212,20150706
4bed46a1,N,19780415,20150202
b1303f99,N,19791212,20150124
43a80916,F,19660306,20141014
2288df3a,F,19670101,20150328
903dc30d,F,19821016,20150627
e2d02d22,M,19900227,20150709
510326f7,M,19901111,20150709
29922b5b,M,19880123,20150805
cfbbf163,M,19911008,20150708
0a41e47c,M,19791212,20150706
6185602a,N,19860107,20141014
29c4a6c4,N,19941129,20151009
3d64883a,M,19850402,20150918
e7f6316b,N,19911015,20150717
454804d6,M,19790920,20150818
e2c6c4d5,M,19860607,20150714
c932b52d,M,19930819,20150811
3d043616,N,19840507,20150919
a2d07f99,F,19951216,20150803
973f881b,N,19800615,20150717
a73b163a,M,19890824,20150703
c711d926,M,19671115,20150714
6071c6ce,F,19950516,20150730
4186218d,F,19910929,20150910
b03609c7,F,19710828,20150814
77f782e1,M,19930101,20150721
c0464698,F,19850115,20150714
7820b7cb,F,19880928,20150804
2d2678d9,F,19860604,20150727
10c73d5b,M,19790723,20150717
77b6cf60,M,19790501,20151023
40815dd4,M,19860109,20150714
524007ec,F,19830210,20150709
aaf102fe,F,19970926,20150723
fb67d81f,N,19910216,20150820
9585e639,M,19920309,20150812
f39aceb0,F,19930504,20150716
3cea94b9,N,19780316,20150129
6b1b45c8,M,19840521,20150708
5d2018cf,M,19870101,20150709
c1d96645,M,19910422,20150717
2d992f33,M,19590104,20150714
2faa8b75,M,19791221,20150710
51bb2617,M,19870619,20150821
22565894,M,19800813,20150716
0267b153,M,19920102,20150716
c70c9e25,M,19630404,20150721
3e9953a6,F,19931104,20150708
d7ae7fdc,M,19760915,20150722
c7d8e386,F,19860827,20150724
12bf221d,M,19930129,20150820
484bad18,M,19640907,20150710
273b3784,M,19910505,20150814
cd4b4a33,F,19891115,20150717
f3f3a802,M,19810803,20150709
9379b3d2,F,19810802,20150708
73b7dfd3,F,19780827,20150717
f4f08615,M,19740725,20150728
901f1174,F,19890321,20150730
8b3e82eb,N,19820202,20150724
5dc9e5a2,F,19820806,20150814
27e45d3a,F,19940310,20150708
3830accb,M,19890128,20150824
1a82a349,M,19860505,20150708
6584d04e,M,19810610,20150905
2a10d72f,M,19891011,20150714
1774c94e,M,19920923,20150807
35dd5c76,M,19980102,20160222
cc1308ac,F,19830416,20150814
47b96133,M,19940205,20150908
d6d4b051,M,19581207,20150723
acf01384,M,19850504,20150812
8fbc64cf,N,19960916,20150814
ae4ec85c,M,19940903,20150819
6058b468,M,19750407,20150731
275a045c,M,19930225,20150810
22aab4a7,F,19930214,20150727
5040a6ab,M,19850303,20150721
1cd47d3d,M,19950324,20150824
dac3851e,N,19910420,20150723
dc03b1eb,F,19820803,20150824
8ac5d296,F,19880815,20150803
9421c08a,N,19970701,20151001
715d5c28,F,19930707,20150723
e9d7d53d,M,19760428,20150731
532e0ea7,F,19930712,20150730
9bf680c8,F,19920721,20150806
210c808f,M,19651101,20150811
531e7d47,M,19750723,20150717
dd96a514,F,19810502,20150811
f5cd3df9,N,19790727,20150716
dd15182a,M,19710617,20150723
f420646d,M,19890807,20151015
09c7a06a,F,19920507,20151005
c2ef4ad6,M,19790124,20160104
e7604771,M,19920414,20150731
f7c72b4c,M,19800920,20150808
4b19bf48,N,19941231,20150810
c5f3973b,M,19850829,20160205
32078401,F,19830509,20150930
141a12b0,M,19860103,20150716
d9aec135,M,19880228,20151014
885a20cf,F,19950714,20151012
7a9f921d,F,19920627,20150703
186b1ad4,F,19940216,20151009
c752d578,M,19730803,20151009
79129b25,N,19630629,20150916
e54562bc,F,19860924,20151006
999b4e6c,M,19940101,20151020
0991804d,F,19900401,20151116
1e1c34ba,F,19760903,20150908
8522765b,M,19881111,20151002
29b4147f,N,19810322,20151014
387a0461,M,19861124,20151009
8607bb58,F,19950126,20150916
d46bb90c,F,19700528,20150929
0944ca27,M,19830715,20150928
f52ef6d9,M,19931205,20151130
733ec4c0,M,19830409,20151021
ecc92cf5,M,19941209,20151002
7306daaa,F,19890417,20150904
73b2b303,F,19960729,20150917
fd225eb1,M,19770601,20150916
eea12e60,F,19940116,20151022
bd7710e4,F,19971107,20150923
990b662a,F,19901125,20150916
b7d72bea,M,19891024,20151001
1eeaf65b,F,19960306,20150902
5c3e8b9e,M,19960506,20151012
e12681fc,M,19921129,20151014
98d3d3a3,F,19891216,20151013
aec4a651,M,19911229,20151125
2ebef2df,F,19810908,20150915
301c14c4,M,19610101,20151230
27eac9c1,M,19950909,20151013
f4c72f05,N,19910111,20150922
8ec4f686,F,19660121,20151230
67ad58ba,M,19920101,20151006
b70c2d54,F,19880803,20151110
504656bf,M,19860801,20151029
2e43912f,M,19970331,20150908
d9e95c51,M,19950101,20151207
53273542,M,19670101,20151230
969c48c0,M,19811124,20151005
e0806dae,M,19941019,20150909
d2589edc,F,19520412,20160103
28204f11,F,19861206,20151229
0f06c9ee,M,19830128,20150827
ad9171e5,F,19920304,20151008
2d60d030,M,19910504,20151202
3fe684b9,N,19790330,20160218
4263f3d2,F,19930305,20150901
30425d71,F,19940910,20150907
4ec6426d,M,19860406,20150916
9737688e,M,19940111,20151014
d334f0d2,M,19930612,20150825
de6219bb,F,19731021,20150909
1e02afe7,N,19821227,20150826
8c30b354,M,19820505,20150827
808b94e4,F,19780814,20150923
1f3d20a8,M,19881016,20150903
56d589b3,M,19770425,20150907
24cbf75c,M,19900306,20150820
0a6412fc,F,19620101,20151230
6a0d5a23,F,19760209,20150820
43cf5f36,M,19830311,20150918
336ca726,M,19650607,20150828
0e9fc846,M,19840917,20151001
4c0a065f,M,19850414,20151019
60f097b2,F,19950206,20150821
40d557d0,F,19961219,20150925
f4f49a6f,N,19930614,20160226
ef837d96,M,19880227,20151216
4c3ee71b,M,19970527,20150819
dcefcc0b,M,19891008,20150904
d10c1168,M,19970207,20150923
db1082e4,M,19880411,20151007
428e75a1,M,19760408,20151230
d6930695,F,19930215,20151104
3a45cffb,F,19770702,20151020
431afa60,M,19930423,20151015
fa6e00f4,M,19970308,20150909
a8dfe70e,N,19860224,20150910
fc9904f0,F,19840803,20150829
8dcb44e3,N,19660616,20151026
83ecb1a3,M,19920919,20150916
8ada6b42,M,19971011,20151012
bf4d1756,M,19940314,20150825
1ec4a20d,F,19901204,20150914
13c7baad,M,19951206,20150915
c423f749,N,19870510,20150917
212296d5,F,19930416,20150925
49badca4,F,19970303,20150909
062e464d,F,19960127,20150922
6dcb2c58,M,19690716,20150904
b4887012,M,19960502,20150828
51efd989,F,19920724,20151001
9f72c5d7,M,19850228,20151020
978326ce,M,19890102,20150917
0a7c6095,M,19760626,20150814
8065223e,M,19950507,20151013
0281a266,M,19911217,20150923
9dcbc49d,M,19690310,20150818
48ee3156,M,19861230,20150903
e98a5907,M,19870707,20150902
cb9ecd7b,M,19740818,20150907
bb630dcf,F,19891209,20150818
eb004fc0,F,19951202,20150831
14bd2df3,M,19710315,20150824
0a930bcc,M,19920507,20150827
ff5e4c74,M,19920606,20151006
3bc08276,M,19760318,20151106
42025820,F,19830502,20150818
94cc06a1,M,19720224,20150824
eb8ec39a,M,19870605,20150901
5755c6a4,M,19881123,20150827
755754af,N,19860214,20150827
bf8606ea,M,19920129,20150916
b4fe218e,F,19820101,20150814
0b04434c,M,19950207,20150817
fc8740bc,M,19791123,20150820
de883f0a,M,19921220,20150902
c1a1d16a,M,19930410,20150817
101b25e1,M,19770616,20150824
949f8f12,F,19941013,20150909
0addfb7b,M,19960504,20150902
bdba5b63,F,19950525,20150907
3fcdc833,N,19930310,20150901
4568accb,M,19910414,20150817
565a1b6d,M,19860927,20150904
86ac2aaa,M,19741119,20150819
cd2c31aa,N,19900315,20151129
8da8c7c0,F,19851015,20150902
db1d579e,M,19941102,20150916
58226960,F,19590908,20150819
6c965404,F,19780419,20150821
b83ae9c3,M,19880427,20150827
a343f555,F,19800506,20160110
5f37182e,F,19800311,20150807
2702a928,M,19870927,20160211
1b71287c,N,19760615,20151216
d8549fca,M,19740110,20151116
fb364b5c,M,19730123,20150424
e8769f81,M,19760205,20160128
799636a6,N,19770601,20160223
7ba92ad7,M,19830818,20150817
4e5cc349,M,19920202,20160216
f0e710a5,F,19840311,20160107
8cfed267,M,19910928,20160224
6473d89e,F,19561201,20150807
30f3fd9d,F,19850309,20160210
31b5baf2,N,19651205,20151216
5ed161d4,F,19770928,20160229
ba3d5cad,M,19881210,20160216
3b3b61d7,M,19790907,20150414
7cf2548a,M,19860724,20150513
